"no","universitas"
"1","Akademi Akuntansi dan Manajemen Pembangunan"
"2","Akademi Akuntansi Muhammadiyah Klaten"
"3","Akademi Akuntansi Profesional Indonesia"
"4","Akademi Akuntansi YPK Medan"
"5","Akademi Akupunktur Surabaya"
"6","Akademi Analis Farmasi dan Makanan Banda Aceh"
"7","Akademi Analis Kesehatan An‐Nasher"
"8","Akademi Analis Kesehatan Delima Husada Gresik"
"9","Akademi Analis Kesehatan Harapan Bangsa"
"10","Akademi Analis Kesehatan Malang"
"11","Akademi Analis Kesehatan Manggala Yogyakarta"
"12","Akademi Analis Kesehatan Muhammadiyah Makassar"
"13","Akademi Analis Kesehatan Putra Jaya Batam"
"14","Akademi Bahasa Asing BSI Jakarta"
"15","Akademi Bahasa Asing Nurdin Hamzah"
"16","Akademi Bahasa Asing RA Kartini Surakarta"
"17","Akademi Farmasi Bina Farmasi"
"18","Akademi Farmasi Hang Tuah Jakarta"
"19","Akademi Farmasi Kaltara Tarakan"
"20","Akademi Farmasi Kusuma Husada Purwokerto"
"21","Akademi Farmasi Medika Nusantara"
"22","Akademi Farmasi Putera Indonesia Malang"
"23","Akademi Farmasi YPPM Mandiri"
"24","Akademi Kebidanan Abdurahman"
"25","Akademi Kebidanan Agatha"
"26","Akademi Kebidanan Agung Husada"
"27","Akademi Kebidanan Aisyah Kabupaten Pangkep"
"28","Akademi Kebidanan Alifa Pringsewu Lampung"
"29","Akademi Kebidanan Alifah Padang"
"30","Akademi Kebidanan Amanah Muara Bungo"
"31","Akademi Kebidanan An-Nur Purwodadi"
"32","Akademi Kebidanan Arta Kabanjahe"
"33","Akademi Kebidanan Assyifa Tangerang"
"34","Akademi Kebidanan Bangka Belitung"
"35","Akademi Kebidanan Baruna Husada"
"36","Akademi Kebidanan Bhakti Asih Ciledug"
"37","Akademi Kebidanan Bhakti Bangsa Bekasi"
"38","Akademi Kebidanan Bhakti Nugraha"
"39","Akademi Kebidanan Bhakti Pertiwi Pemalang"
"40","Akademi Kebidanan Bina Husada Jember"
"41","Akademi Kebidanan Bina Sehat Nusantara, Bone"
"42","Akademi Kebidanan Budi Kemuliaan"
"43","Akademi Kebidanan Budi Mulia"
"44","Akademi Kebidanan Bunda Serumpun"
"45","Akademi Kebidanan Bunga Bangsa Idi"
"46","Akademi Kebidanan Bunga Bangsaku Bangka"
"47","Akademi Kebidanan Cipta Daya Husada"
"48","Akademi Kebidanan Citama Raya Depok"
"49","Akademi Kebidanan Citra Medika Surakarta"
"50","Akademi Kebidanan Dharma Husada Kediri"
"51","Akademi Kebidanan Farama Mulya"
"52","Akademi Kebidanan Gatra Buana Gurabati Tidore"
"53","Akademi Kebidanan Graha Ananda"
"54","Akademi Kebidanan Hafsyah Medan"
"55","Akademi Kebidanan Hang Jebat"
"56","Akademi Kebidanan Harapan Bunda Bima"
"57","Akademi Kebidanan Harapan Ibu Pekalongan"
"58","Akademi Kebidanan Henderson"
"59","Akademi Kebidanan Ibrahimy Situbondo"
"60","Akademi Kebidanan Indragiri"
"61","Akademi Kebidanan Jember"
"62","Akademi Kebidanan Keris Husada"
"63","Akademi kebidanan Kholisatur Rahmi"
"64","Akademi Kebidanan La Tansa Mashiro"
"65","Akademi Kebidanan Mandiri Gresik"
"66","Akademi Kebidanan Matorkis"
"67","Akademi Kebidanan Mayapada Gading Persada"
"68","Akademi Kebidanan Medica Bakti Persada"
"69","Akademi Kebidanan Muhammadiyah Kotim"
"70","Akademi Kebidanan Muhammadiyah Palopo"
"71","Akademi Kebidanan Nadhirah"
"72","Akademi Kebidanan Ngudia Husada Madura"
"73","Akademi Kebidanan Nurul Hasanah"
"74","Akademi Kebidanan Panti Wilasa"
"75","Akademi Kebidanan Pelita Persada"
"76","Akademi Kebidanan Petro Mandau Husada"
"77","Akademi Kebidanan Prestasi Agung"
"78","Akademi Kebidanan Rangga Husada Prabumulih"
"79","Akademi Kebidanan Rizki Patya"
"80","Akademi Kebidanan Santa Elisabeth Kefamenanu"
"81","Akademi Kebidanan Sari Mutiara"
"82","Akademi Kebidanan Suka Wangi Bekasi"
"83","Akademi Kebidanan Tiara Bunda"
"84","Akademi Kebidanan Tuti Rahayu"
"85","Akademi Kebidanan Wahana Husada Bandar Jaya"
"86","Akademi Kebidanan Wijaya Kusuma Malang"
"87","Akademi Kebidanan Wiyata Mitra Husada Nganjuk"
"88","Akademi Kebidanan Yayasan Kesehatan Nasional"
"89","Akademi Kebidanan YLPP Purwokerto"
"90","Akademi Keperawatan 17 Karanganyar"
"91","Akademi Keperawatan Aisyiyah Padang"
"92","Akademi Keperawatan Alkautsar Temanggung"
"93","Akademi Keperawatan Andakara"
"94","Akademi Keperawatan Bina Insan Jakarta"
"95","Akademi Keperawatan Binalita Sudama"
"96","Akademi Keperawatan Buntet Pesantren"
"97","Akademi Keperawatan Gunung Maria"
"98","Akademi Keperawatan Harapan Mama Deli Serdang"
"99","Akademi Keperawatan Ibnu Sina Kota Sabang"
"100","Akademi Keperawatan Indah"
"101","Akademi Keperawatan Insan Husada Surakarta"
"102","Akademi Keperawatan Intan Martapura"
"103","Akademi Keperawatan Kamanre"
"104","Akademi Keperawatan Kerta Cendekia Sidoarjo"
"105","Akademi Keperawatan Kesdam II Sriwijaya"
"106","Akademi Keperawatan Manggala Husada"
"107","Akademi Keperawatan Medistra Lubuk Pakam"
"108","Akademi Keperawatan Muhammadiyah Bireuen"
"109","Akademi Keperawatan Ngesti Waluyo Parakan"
"110","Akademi Keperawatan Pembina"
"111","Akademi Keperawatan Pemkab Tapanuli Utara"
"112","Akademi Keperawatan PPNI Kendari"
"113","Akademi Keperawatan Royhan"
"114","Akademi Keperawatan RS Marthen Indey"
"115","Akademi Keperawatan Sandi Karsa"
"116","Akademi Keperawatan Setih Setio"
"117","Akademi Keperawatan ST Elisabeth Lela"
"118","Akademi Keperawatan Teladan Bahagia"
"119","Akademi Keperawatan Teungku Fakinah Banda Aceh"
"120","Akademi Keperawatan Yayasan Pendidikan Imam Bonjol Majalengka"
"121","Akademi Keperawatan YPIB Majalengka"
"122","Akademi Kesehatan Asih Husada"
"123","Akademi Kesehatan Gigi Kendari"
"124","Akademi Kesehatan John Paul II Pekanbaru"
"125","Akademi Kesehatan Lingkungan Mandala Waluya"
"126","Akademi Kesehatan rustida"
"127","Akademi Kesejahteraan Sosial AKK"
"128","Akademi Kesejahteraan Sosial Ibu Kartini"
"129","Akademi Keuangan dan Bisnis Indonesia Internasional"
"130","Akademi Keuangan dan Perbankan Borobudur"
"131","Akademi Keuangan dan Perbankan Denpasar"
"132","Akademi Keuangan dan Perbankan Effata Kupang"
"133","Akademi Komunikasi Media Radio dan TV Jakarta"
"134","Akademi Komunikasi Yogyakarta"
"135","Akademi Komunitas Olat Maras"
"136","AMIK BSI Bogor"
"137","AMIK Imelda"
"138","AMIK Lembah Dempo"
"139","AMIK Logika"
"140","AMIK Serang"
"141","AMIK Tri Dharma"
"142","AMIK Ketapang"
"143","Akademi Manajemen Perpajakan Indonesia Blitar"
"144","Akademi Manajemen Perusahaan Panca Bhakti"
"145","Akademi Maritim Aceh Darussalam"
"146","Akademi Maritim Belawan"
"147","Akademi Maritim Cirebon"
"148","Akademi Maritim Sapta Samudra"
"149","Akademi Maritim Yogyakarta"
"150","Akademi Pariwisata 17 Agustus 1945 Surabaya"
"151","Akademi Pariwisata Buana Wisata Yogyakarta"
"152","Akademi Pariwisata Bunda Padang"
"153","Akademi Pariwisata Citra Buana Indonesia"
"154","Akademi Pariwisata Manado"
"155","Akademi Pariwisata Muhammadiyah Jember"
"156","Akademi Pariwisata Patria Indonesia"
"157","Akademi Pariwisata Petrus Kafiar Biak"
"158","Akademi Pariwisata Sandhy Putra"
"159","Akademi Pariwisata Sinar Surya"
"160","Akademi Perekam Medik dan Informatika Kesehatan Imelda"
"161","Akademi Perpajakan Padang (AKAP) Bekasi"
"162","Akademi Pertanian Yogyakarta"
"163","Akademi Peternakan Karanganyar"
"164","Akademi Sekretari dan Manajemen Widya Dharma"
"165","Akademi Sekretari dan Manajemen BSI Jakarta"
"166","Akademi Sekretari dan Manajemen Don Bosco"
"167","Akademi Sekretari dan Manajemen Lepisi"
"168","Akademi Sekretari Manajemen Cendana"
"169","Akademi Sekretari Manajemen Indonesia Klabat"
"170","Akademi Teknik Elektromedik Andakara"
"171","Akademi Teknik Elektromedik Kupula Aceh"
"172","Akademi Teknik Elektromedik Muhammadiyah Makassar"
"173","Akademi Teknik Perkapalan Veteran"
"174","Akademi Teknik Radiodiagnostik dan Radioterapi Muhammadiyah Makassar"
"175","Akademi Teknik Telekomunikasi Sandhy Putra Jakarta"
"176","Akademi Telekomunikasi Indonesia Gemilang"
"177","Akademi Televisi Indonesia"
"178","Akademik Kebidanan Armina Centre Panyabungan"
"179","AKPER Rumkit Tk.III Dr. JA.A. Latumentten Kesdam XVI"
"180","AMIK BSI Pontianak"
"181","Institut Agama Islam Negeri Padangsidempuan"
"182","Institut Agama Islam Negeri Pekalongan"
"183","Institut Agama Islam Negeri Ponorogo"
"184","Institut Agama Islam Negeri Raden Fatah"
"185","Institut Agama Islam Negeri Raden Intan"
"186","Institut Agama Islam Negeri Samarinda"
"187","Institut Agama Islam Negeri Sultan Amai Gorontalo"
"188","Institut Agama Islam Negeri Sultan Maulana Hasanuddin Banten"
"189","Institut Agama Islam Negeri Sulthan Thaha Saifuddin"
"190","Institut Agama Islam Negeri Sumatera Utara"
"191","Institut Agama Islam Negeri Surakarta"
"192","Institut Agama Islam Negeri Syekh Nurjati Cirebon"
"193","Institut Agama Islam Negeri Ternate"
"194","Institut Agama Islam Negeri Tulungagung"
"195","Institut Agama Islam Riyadlatul Mujahidin Ngabar"
"196","Institut Agama Islam Sunan Giri Ponorogo"
"197","Institut Agama Islam Tribakti"
"198","Institut Bisnis dan Informatika (IBI) Kosgoro 1957"
"199","Institut Bisnis dan Informatika Kwik Kian Gie"
"200","Institut Bisnis dan Informatika STIKOM Surabaya"
"201","Institut Bisnis dan Multimedia Asmi Jakarta"
"202","Institut Bisnis Informasi Teknologi dan Bisnis"
"203","Institut Bisnis Muhammadiyah Bekasi"
"204","Institut Bisnis Nusantara"
"205","Institut Dirosat Islamiyah Al‐Amien Prenduan Sumenep Madura Indonesia"
"206","Institut Ilmu KeIslaman Annuqayah Guluk‐Guluk Sumenep"
"207","Institut Ilmu Keislaman Zainul Hasan Genggong Kraksan Probolinggo"
"208","Institut Ilmu Kesehatan Bhakti Wiyata Kediri"
"209","Institut Ilmu Kesehatan Medika Persada Bali"
"210","Institut Ilmu Sosial dan Budaya Samawa Rea"
"211","Institut Ilmu Sosial dan Ilmu Politik Jakarta"
"212","Institut Ilmu Sosial dan Ilmu Politik Yapis Biak"
"213","Institut Ilmu Sosial dan Manajemen STIAMI Jakarta"
"214","Institut Informatika dan Bisnis Darmajaya"
"215","Institut Keguruan dan Ilmu Pendidikan Mataram"
"216","Institut Keguruan dan Ilmu Pendidikan PGRI Pontianak"
"217","Institut Keguruan dan Ilmu Pendidikan Saraswati, Tabanan"
"218","Institut Keguruan dan Ilmu Pendidikan Siliwangi"
"219","Institut Kesehatan Helvetia"
"220","Institut Kesehatan Indonesia"
"221","Institut Kesehatan Medistra Lubuk Pakam"
"222","Institut Keuangan Perbankan dan Informatika Asia Perbanas"
"223","Institut Kristen Borneo"
"224","Institut Manajemen Koperasi Indonesia"
"225","Institut Manajemen Wiyata Indonesia"
"226","Institut Pembina Rohani Islam Jakarta"
"227","Institut Pemerintahan Dalam Negeri"
"228","Institut Pendidikan Indonesia Garut"
"229","Institut Pendidikan Tapanuli Selatan"
"230","Politeknik Kent"
"231","Institut Pertanian Malang"
"232","Institut Sains dan Teknologi AKPRIND"
"233","Institut Sains dan Teknologi Nasional"
"234","Institut Sains dan Teknologi Td Pardede"
"235","Institut Seni Indonesia Denpasar"
"236","Institut Seni Indonesia Yogyakarta"
"237","Institut Studi Islam Darussalam Gontor"
"239","Institut Teknologi Del"
"240","Institut Teknologi Kreatif Bina Nusantara Malang"
"241","Institut Teknologi Nasional Malang"
"242","Institut Teknologi Padang"
"243","Institut Teknologi Sains Bandung"
"244","Institut Teknologi Sepuluh Nopember"
"245","Institut Teknologi Telkom Bandung"
"246","Institut Teknologi Telkom Purwokerto"
"247","Institut Teknologi Yogyakarta"
"248","Politeknik 17 Agustus 1945 Surabaya"
"249","Politeknik Aceh Selatan"
"250","Politeknik Anika Palembang"
"251","Politeknik Baja Tegal"
"252","Politeknik Balekambang Jepara"
"253","Politeknik Banjarnegara"
"254","Politeknik Baubau"
"255","Politeknik Bentara Citra Bangsa"
"256","Politeknik Bina Trada Semarang"
"257","Politeknik Bisnis dan Pasar Modal"
"258","Politeknik Bisnis Lamda"
"259","Politeknik Caltex"
"260","Politeknik Darma Ganesha"
"261","Politeknik Geologi dan Pertambangan Agp"
"262","Politeknik Ilmu Pelayaran Makassar"
"263","Politeknik Indonusa Surakarta"
"264","Politeknik Informatika Nasional"
"265","Politeknik Islam Syekh Salman Al-Farisi Rantau"
"266","Politeknik Kemenkes Bengkulu"
"267","Sekolah Tinggi Agama Islam Nida El Adabi Parung Panjang Bogor"
"268","Politeknik Kesehatan Bhakti Pertiwi Husada"
"269","Politeknik Kesehatan Majapahit"
"270","Politeknik Kesehatan RS Dr Soepraoen Kesdam V"
"271","Politeknik Kesehatan TNI AU Ciumbuleuit"
"272","Politeknik Kesehatan YRSU Dr Rusdi"
"273","Politeknik Komputer Niaga Lpkia"
"274","Politeknik Kota Malang"
"275","Politeknik Kutaraja"
"276","Politeknik LP3I Bandung"
"277","Politeknik LP3I Jakarta"
"278","Politeknik LP3I Medan"
"279","Politeknik LPP Yogyakarta"
"280","Politeknik Ma arif"
"281","Politeknik Malinau"
"282","Politeknik Mandiri Bina Prestasi"
"283","Politeknik Manufaktur Astra"
"284","Politeknik Manufaktur Ceper"
"285","Politeknik Medica Farma Husada Mataram"
"286","Politeknik Meta Industri Cikarang"
"287","Politeknik Muara Dua"
"288","Politeknik Muara Teweh"
"289","Politeknik Negeri Jakarta"
"290","Politeknik Negeri Malang"
"291","Politeknik Negeri Samarinda"
"292","Politeknik Negeri Sriwijaya"
"293","Politeknik Negeri Ujung Pandang"
"294","Politeknik Orang Tua"
"295","Politeknik Pajajaran Insan Cinta Bangsa Bandung"
"296","Politeknik Palcomtech"
"297","Politeknik Palu"
"298","Politeknik Pariwisata Batam"
"299","Politeknik Perdamaian Halmahera"
"300","Politeknik Perdana Mandiri"
"301","Politeknik Perkapalan Negeri Surabaya"
"302","Politeknik Pertanian dan Peternakan Mapena"
"303","Politeknik Pertanian Negeri Kupang"
"304","Politeknik Pertanian Negeri Pangkajene dan Kepulauan"
"305","Politeknik Pertanian Negeri Samarinda"
"306","Politeknik Pertanian Yasanto"
"307","Politeknik PGRI Banten"
"308","Politeknik Piksi Ganesha"
"309","Politeknik Piksi Input Serang"
"310","Politeknik Poliprofesi Medan"
"311","Politeknik Pos Indonesia"
"312","Politeknik Praktisi Bandung"
"313","Politeknik Pratama"
"314","Politeknik Putra Bangsa Pontianak"
"315","Politeknik Santo Paulus Surakarta"
"316","Politeknik Sawunggalih Aji"
"317","Politeknik Sekayu"
"318","Politeknik Sendawar"
"319","Politeknik ST. Wilhelmus"
"320","Politeknik Tri Mitra Karya Mandiri"
"321","Politeknik Triguna Tasikmalaya"
"322","Politeknik Unggul LP3M"
"323","Politeknik Unggulan Kalimantan"
"324","Politeknik Unggulan Sragen"
"325","Politenik Kesehatan Yapkesbi Sukabumi"
"326","Sekolah Tinggi Agama Hindu Negeri GDE Pudja Mataram"
"327","Sekolah Tinggi Agama Hindu Negeri Tampung Penyang Palangkaraya"
"328","Sekolah Tinggi Agama Islam (YAPTIP) Pasaman Barat"
"329","Sekolah Tinggi Agama Islam Al‐Azhar Lubuklinggau"
"330","Sekolah Tinggi Agama Islam Al‐Falah Banjarbaru"
"331","Sekolah Tinggi Agama Islam An‐Nawawi Purworejo"
"332","Sekolah Tinggi Agama Islam At‐Tanwir Bojonegoro"
"333","Sekolah Tinggi Agama Islam Auliaurrasyidin Tembilahan"
"334","Sekolah Tinggi Agama Islam Azziyadah"
"335","Sekolah Tinggi Agama Islam Badrus Sholeh Purwosari Kediri"
"336","Sekolah Tinggi Agama Islam Bakti Negara"
"337","Sekolah Tinggi Agama Islam Balikpapan"
"338","Sekolah Tinggi Agama Islam Bani Saleh"
"339","Sekolah Tinggi Agama Islam Barumun Raya"
"340","Sekolah Tinggi Agama Islam Bunga Bangsa"
"341","Sekolah Tinggi Agama Islam Bustanul Ulum"
"342","Sekolah Tinggi Agama Islam Cirebon"
"343","Sekolah Tinggi Agama Islam Darud Da'wah Wal Irsyad"
"344","Sekolah Tinggi Agama Islam Darul Arafah Lau Bakeri Deli Serdang"
"345","Sekolah Tinggi Agama Islam Darul Hikmah"
"346","Sekolah Tinggi Agama Islam Darul Ulum Kandangan"
"347","Sekolah Tinggi Agama Islam Darussalam Lampung"
"348","Sekolah Tinggi Agama Islam Darussalam Martapura"
"349","Sekolah Tinggi Agama Islam Denpasar"
"350","Sekolah Tinggi Agama Islam Diniyah"
"351","Sekolah Tinggi Agama Islam Haji Agus Salim Cikarang"
"352","Sekolah Tinggi Agama Islam Hasan Jufri Bawean Gresik"
"353","Sekolah Tinggi Agama Islam Hubbulwathan Duri"
"354","Sekolah Tinggi Agama Islam Ibnu Rusyid"
"355","Sekolah Tinggi Agama Islam Ibnu Sina Batam"
"356","Sekolah Tinggi Agama Islam Jama'iyah Mahmudiyah Tanjung Pura Langkat"
"357","Sekolah Tinggi Agama Islam Kerinci"
"358","Sekolah Tinggi Agama Islam Kharisma Cicurug"
"359","Sekolah Tinggi Agama Islam Kuala Kapuas"
"360","Sekolah Tinggi Agama Islam Luqman Al‐Hakim Surabaya"
"361","Sekolah Tinggi Agama Islam Ma`arif Jambi"
"362","Sekolah Tinggi Agama Islam Ma`arif Kalirejo Lampung Tengah"
"363","Sekolah Tinggi Agama Islam Ma`arif Magetan"
"364","Sekolah Tinggi Agama Islam Madrasah Arabiyah pesisirselatan"
"365","Sekolah Tinggi Agama Islam Majalengka"
"366","Sekolah Tinggi Agama Islam Miftahul Ula Nganjuk"
"367","Sekolah Tinggi Agama Islam Miftahul Ulum"
"368","Sekolah Tinggi Agama Islam Miftahul Ulum Sumenep"
"369","Sekolah Tinggi Agama Islam Muara Bulian Batanghari"
"370","Sekolah Tinggi Agama Islam Muhammadiyah Bima"
"371","Sekolah Tinggi Agama Islam Muhammadiyah Paciran"
"372","Sekolah Tinggi Agama Islam Muhammadiyah Probolinggo"
"373","Sekolah Tinggi Agama Islam Muhammadiyah Sinjai"
"374","Sekolah Tinggi Agama Islam Nahdlatul Ulama Pacitan"
"375","Sekolah Tinggi Agama Islam Natuna"
"376","Sekolah Tinggi Agama Islam Nazhatut Thullab"
"377","Sekolah Tinggi Agama Islam Negeri Batusangkar"
"378","Sekolah Tinggi Agama Islam Negeri Bengkalis"
"379","Sekolah Tinggi Agama Islam Negeri Curup"
"380","Sekolah Tinggi Agama Islam Negeri Gajah Putih Takengon"
"381","Sekolah Tinggi Agama Islam Negeri Jember"
"382","Sekolah Tinggi Agama Islam Negeri Jurai Siwo Metro"
"383","Sekolah Tinggi Agama Islam Negeri Kediri"
"384","Sekolah Tinggi Agama Islam Negeri Kerinci"
"385","Sekolah Tinggi Agama Islam Negeri Kudus"
"386","Sekolah Tinggi Agama Islam Negeri Malikussaleh Lhokseumawe"
"387","Sekolah Tinggi Agama Islam Negeri Palopo"
"388","Sekolah Tinggi Agama Islam Negeri Pamekasan"
"389","Sekolah Tinggi Agama Islam Negeri Pare‐Pare"
"390","Sekolah Tinggi Agama Islam Negeri Pekalongan"
"391","Sekolah Tinggi Agama Islam Negeri Ponorogo"
"392","Sekolah Tinggi Agama Islam Negeri Purwokerto"
"393","Sekolah Tinggi Agama Islam Negeri Salatiga"
"394","Sekolah Tinggi Agama Islam Negeri Sultan Qaimuddin Kendari"
"395","Sekolah Tinggi Agama Islam Negeri Syaikh Abdurrahman Siddik Bangka Belitung"
"396","Sekolah Tinggi Agama Islam Negeri Teungku Dirundeng Meulaboh"
"397","Sekolah Tinggi Agama Islam Negeri Watampone"
"398","Sekolah Tinggi Agama Islam Ngawi"
"399","Sekolah Tinggi Ekonomi Islam Tazkia"
"400","Sekolah Tinggi Agama Islam Nurul Falah Airmolek Indragiri"
"401","Sekolah Tinggi Agama Islam Nurul Hidayat Selat Panjang"
"402","Sekolah Tinggi Agama Islam Nurul Huda Kapongan Situbondo"
"403","Sekolah Tinggi Agama Islam Panca Budi"
"404","Sekolah Tinggi Agama Islam Pancawahana Bangil"
"405","Sekolah Tinggi Agama Islam Pangeran Diponegoro Nganjuk"
"406","Sekolah Tinggi Agama Islam Pertinu"
"407","Sekolah Tinggi Agama Islam Raden Rahmat Kepanjen"
"408","Sekolah Tinggi Agama Islam Rasyidiyah Khalidiyah Kalimantan Selatan"
"409","Sekolah Tinggi Agama Islam Raudhatul Akmal"
"410","Sekolah Tinggi Agama Islam Rokan Besar Batu Rokan Hilir Riau"
"411","Sekolah Tinggi Agama Islam Salahuddin"
"412","Sekolah Tinggi Agama Islam Sangatta Kutai Timur"
"413","Sekolah Tinggi Agama Islam Sayid Sabiq Indramayu"
"414","Sekolah Tinggi Agama Islam Sepakat Segenep Kutacane"
"415","Sekolah Tinggi Agama Islam Solok Nan Indah"
"416","Sekolah Tinggi Agama Islam Sufyan Tsauri Majenang"
"417","Sekolah Tinggi Agama Islam Sultan Abdurrahman"
"418","Sekolah Tinggi Agama Islam Sultan Syarif Hasyim Siak Sri Indrapura"
"419","Sekolah Tinggi Agama Islam Syarifuddin Lumajang"
"420","Sekolah Tinggi Agama Islam Syekh H. Abdul Halim Al‐Ishlahiyah"
"421","Sekolah Tinggi Agama Islam Tapanuli"
"422","Sekolah Tinggi Agama Islam Tasikmalaya"
"423","Sekolah Tinggi Agama Islam Tebing Tinggi Deli"
"424","Sekolah Tinggi Agama Islam Tuanku Tambusai Riau"
"425","Sekolah Tinggi Agama Islam Tulang Bawang"
"426","Sekolah Tinggi Agama Islam UISU Pematangsiantar"
"427","Sekolah Tinggi Agama Islam Walisembilan"
"428","Sekolah Tinggi Agama Islam YASBA Kalianda"
"429","Sekolah Tinggi Agama Islam Yasni Muara Bungo Jambi"
"430","Sekolah Tinggi Agama Islam Yayasan Tarbiyah Islamiyah Lubuk Bagalung Padang"
"431","Sekolah Tinggi Agama Islam YDI Lubuk Sikaping"
"432","Sekolah Tinggi Agama Islam YPI Al Ikhlas Painan"
"433","Sekolah Tinggi Agama Islam YPK Imam Bonjol"
"434","Sekolah Tinggi Agama Kristen Anak Bangsa"
"435","Sekolah Tinggi Agama Kristen Arastamar Grimenawa Jayapura"
"436","Sekolah Tinggi Agama Kristen Arastamar Soe"
"437","Sekolah Tinggi Agama Kristen Negeri Kupang"
"438","Sekolah Tinggi Agama Kristen Negeri Manado"
"439","Sekolah Tinggi Agama Kristen Negeri Tarutung"
"440","Sekolah Tinggi Agama Kristen Negeri Toraja"
"441","Sekolah Tinggi Agama Kristen Protestan Negeri Ambon"
"442","Sekolah Tinggi Agama Kristen Protestan Negeri Sentani"
"443","Sekolah Tinggi Alkitab Tiranus Bandung"
"444","Sekolah Tinggi Analis Bakti Asih"
"445","Sekolah Tinggi Analis Kimia Cilegon"
"446","Sekolah Tinggi Bahasa Asing Bina Dinamika Cianjur"
"447","Sekolah Tinggi Bahasa Asing Cahaya Surya"
"448","Sekolah Tinggi Bahasa Asing Cakrawala Nusantara"
"449","Sekolah Tinggi Bahasa Asing Cipto Hadi Pranoto"
"450","Sekolah Tinggi Bahasa Asing Cirebon"
"451","Sekolah Tinggi Bahasa Asing Haji Agus Salim"
"452","Sekolah Tinggi Bahasa Asing IEC Bekasi"
"453","Sekolah Tinggi Bahasa Asing IEC Jakarta"
"454","Sekolah Tinggi Bahasa Asing JIA"
"455","Sekolah Tinggi Bahasa Asing LIA Jakarta"
"456","Sekolah Tinggi Bahasa Asing LIA Yogyakarta"
"457","Sekolah Tinggi Bahasa Asing Malang"
"458","Sekolah Tinggi Bahasa Asing Mentari Kupang"
"459","Sekolah Tinggi Bahasa Asing Methodist"
"460","Sekolah Tinggi Bahasa Asing Persada Bunda"
"461","Sekolah Tinggi Bahasa Asing Pertiwi Indonesia"
"462","Sekolah Tinggi Bahasa Asing Pontianak"
"463","Sekolah Tinggi Bahasa Asing Prayoga"
"464","Sekolah Tinggi Bahasa Asing Saraswati"
"465","Sekolah Tinggi Desain Bali"
"466","Sekolah Tinggi Ekonomi Islam Iqra Annisa"
"467","Sekolah Tinggi Ilmu Komputer Binaniaga"
"468","Sekolah Tinggi Farmasi Muhammadiyah Tangerang"
"469","Sekolah Tinggi Filsafat Jaffray Makassar"
"470","Sekolah Tinggi Filsafat Theologi Jakarta"
"471","Sekolah Tinggi Filsafat Theologi S Nusantara"
"472","Sekolah Tinggi Hukum Bandung"
"473","Sekolah Tinggi Hukum Galunggung"
"474","Sekolah Tinggi Hukum Indonesia Jakarta"
"475","Sekolah Tinggi Hukum YNI"
"476","Sekolah Tinggi Ilmu Bahasa Banten Raya"
"477","Sekolah Tinggi Ilmu Farmasi Bhakti Pertiwi"
"478","Sekolah Tinggi Ilmu Farmasi Padang"
"479","Sekolah Tinggi Ilmu Farmasi Riau"
"480","Sekolah Tinggi Ilmu Keguruan dan Ilmu Pendidikan Muhammadiyah Kotabumi"
"481","Sekolah Tinggi Ilmu Keperawatan Famika"
"482","Sekolah Tinggi Ilmu Keperawatan Gunung Sari"
"483","STIKES Kusuma Husada Surakarta"
"484","STIA LAN Jakarta"
"485","STIA Lancang Kuning"
"486","STIA Lembaga Administrasi Negara Makassar"
"487","STIA Malang"
"488","STIA Mataram"
"489","STIA Maulana Yusuf"
"490","STIA Muhammadiyah Selong"
"491","STIA Nusantara Sakti Sungai Penuh"
"492","STIA Pagaruyung"
"493","STIA Pembangunan Palu"
"494","STIA Puangrimaggalatung Sengkang"
"495","STIA Satya Negara"
"496","STIA Saumlaki"
"497","STIA Tabalong"
"498","STIA Trinitas"
"499","STIBA Persada Bunda"
"500","STIE Abdi Nusa"
"501","STIE Ahmad Dahlan"
"502","STIE Al‐Hikmah"
"503","STIE Al-Madani"
"504","STIE AMA"
"505","Sekolah Tinggi Intelijen Negara"
"506","Sekolah Tinggi Ilmu Komputer Cipta Karya Informatika Jakarta"
"507","STIE Assholeh"
"508","STIE Bajiminasa Makassar"
"509","STIE Bakti Bangsa"
"510","Sekolah Tinggi Ilmu Komputer Pelita Indonesia"
"511","Sekolah Tinggi Ilmu Komputer Poltek Cirebon"
"512","Sekolah Tinggi Ilmu Komputer Rajawali"
"513","Sekolah Tinggi Ilmu Komunikasi Aws"
"514","STIH Rahmaniyah"
"515","STIKES Aisyiyah Yogyakarta"
"516","STIKES Al Insyirah Pekanbaru"
"517","STIKES Alifah Padang"
"518","STIKES An‐Nur Purwodadi"
"519","STIKES Artha Bodhi Iswara"
"520","STIKES Audi Husada Medan"
"521","STIKES Awal Bros Pekanbaru"
"522","STIKES Bahrul Ulum Jombang"
"523","STIKES Bakti Nusantara Gorontalo"
"524","STIKES Bakti Tunas Husada"
"525","Sekolah Tinggi Ilmu Komunikasi Bandung"
"526","Sekolah Tinggi Ilmu Komunikasi Inter Studi"
"527","Sekolah Tinggi Ilmu Komunikasi Internasional Gurindam Archipelago"
"528","Sekolah Tinggi Ilmu Komunikasi Lspr"
"529","Sekolah Tinggi Ilmu Komunikasi Mahakam"
"530","Sekolah Tinggi Ilmu Komunikasi Muhammadiyah Jayapura"
"531","Sekolah Tinggi Ilmu Komunikasi Pembangunan"
"532","Sekolah Tinggi Ilmu Manajemen AMKOP"
"533","Sekolah Tinggi Ilmu Manajemen dan Ilmu Komputer ESQ"
"534","Sekolah Tinggi Ilmu Manajemen Handayani"
"535","Sekolah Tinggi Ilmu Manajemen Indonesia Banjarmasin"
"536","Sekolah Tinggi Ilmu Manajemen Indonesia Meulaboh"
"537","Sekolah Tinggi Ilmu Manajemen Shanti Bhuana"
"538","Sekolah Tinggi Ilmu Maritim Makassar"
"539","Sekolah Tinggi Ilmu Pariwisata Manado"
"540","Sekolah Tinggi Ilmu Pelayaran Jakarta"
"541","Sekolah Tinggi Ilmu Perikanan Kalinyamat"
"542","Sekolah Tinggi Ilmu Perikanan Malang"
"543","Sekolah Tinggi Ilmu Pertanian"
"544","Sekolah Tinggi Ilmu Pertanian Puangrimanggalatung"
"545","Sekolah Tinggi Ilmu Pertanian Rejang Lebong"
"546","Sekolah Tinggi Ilmu Pertanian Sriwigama"
"547","Sekolah Tinggi Ilmu Pertanian Wuna Raha"
"548","Sekolah Tinggi Ilmu Pertanian Yashafa"
"549","Sekolah Tinggi Ilmu Sosial dan Ilmu Politik Banten Raya"
"550","Sekolah Tinggi Ilmu Sosial dan Ilmu Politik Panca Bhakti Palu"
"551","Sekolah Tinggi Ilmu Sosial dan Ilmu Politik Persada Bunda"
"552","Sekolah Tinggi Ilmu Sosial dan Ilmu Politik Silas Papare Jayapura"
"553","Sekolah Tinggi Ilmu Sosial dan Politik Candradimuka"
"554","Sekolah Tinggi Ilmu Sosial dan Politik Fajar Timur"
"555","Sekolah Tinggi Ilmu Sosial Mutiara"
"556","Sekolah Tinggi Ilmu Syariah Al‐Wahidiyah Kediri"
"557","Sekolah Tinggi Ilmu Tarbiyah Al‐Chaeriyah Mamuju Sulawesi Barat"
"558","Sekolah Tinggi Ilmu Tarbiyah Al‐Ishlah"
"559","Sekolah Tinggi Ilmu Tarbiyah Al‐Karimiyah"
"560","Sekolah Tinggi Ilmu Tarbiyah Al‐Marhalah Al‐Uya Bekasi"
"561","Sekolah Tinggi Ilmu Tarbiyah Al‐Quraniyah Manna"
"562","Sekolah Tinggi Ilmu Tarbiyah Aqidah Usymuni"
"563","Sekolah Tinggi Ilmu Tarbiyah Ar‐Risalah"
"564","Sekolah Tinggi Ilmu Tarbiyah Dar Aswaja Rokan Hilir"
"565","Sekolah Tinggi Ilmu Tarbiyah Darul Fattah"
"566","Sekolah Tinggi Ilmu Tarbiyah Jembrana"
"567","Sekolah Tinggi Ilmu Tarbiyah Maskumambang Gresik"
"568","Sekolah Tinggi Ilmu Tarbiyah Misbahul Ulum Gumawang"
"569","Sekolah Tinggi Ilmu Tarbiyah Muhammadiyah Bojonegoro"
"570","Sekolah Tinggi Ilmu Tarbiyah Muhammadiyah Paciran"
"571","Sekolah Tinggi Ilmu Tarbiyah Pringsewu"
"572","Sekolah Tinggi Ilmu Tarbiyah Raden Wijaya"
"573","Sekolah Tinggi Ilmu Tarbiyah Sunan Giri Bima"
"574","Sekolah Tinggi Ilmu Tarbiyah Syekh Burhanuddin Pariaman"
"575","Sekolah Tinggi Ilmu Teknik Jembrana"
"576","Sekolah Tinggi Ilmu Teknik Prabumulih"
"577","Sekolah Tinggi Ilmu Teknik Serasan"
"578","Sekolah Tinggi Ilmu Teknik Trisula Bengkulu"
"579","Sekolah Tinggi Ilmu Ushuluddin Darul Hikmah"
"580","Sekolah Tinggi Informatika dan Komputer Indonesia Malang"
"581","Sekolah Tinggi Informatika dan Multimedia Nusa Palapa"
"582","Sekolah Tinggi Informatika Komputer Artha Buana"
"583","Sekolah Tinggi Matematika dan Ilmu Pengetahuan Alam"
"584","Sekolah Tinggi Internasional Konservatori Musik Indonesia"
"585","Sekolah Tinggi Islam Blambangan"
"586","Sekolah Tinggi Keguruan dan Ilmu Pendidikan Agama Hindu Amlapura"
"587","Sekolah Tinggi Keguruan dan Ilmu Pendidikan Agama Hindu Singaraja"
"588","Sekolah Tinggi Keguruan dan Ilmu Pendidikan Al Azhar Diniyah Jambi"
"589","Sekolah Tinggi Keguruan dan Ilmu Pendidikan Al Islam Tunas Bangsa Bandar Lampung"
"590","Sekolah Tinggi Keguruan dan Ilmu Pendidikan Andi Matappa"
"591","Sekolah Tinggi Keguruan dan Ilmu Pendidikan Bima"
"592","Sekolah Tinggi Keguruan dan Ilmu Pendidikan Catur Sakti"
"593","Sekolah Tinggi Keguruan dan Ilmu Pendidikan Citra Bakti"
"594","Sekolah Tinggi Keguruan dan Ilmu Pendidikan Darud Da wah Wal Irsyad Mamuju"
"595","Sekolah Tinggi Keguruan dan Ilmu Pendidikan Darud Da'wah Wal Irsyad Polewali Mandar"
"596","Sekolah Tinggi Keguruan dan Ilmu Pendidikan Kie Raha"
"597","Sekolah Tinggi Keguruan dan Ilmu Pendidikan Melawi"
"598","Sekolah Tinggi Keguruan dan Ilmu Pendidikan Modern"
"599","Sekolah Tinggi Keguruan dan Ilmu Pendidikan Muhammadiyah Bangka Belitung"
"600","Sekolah Tinggi Keguruan dan Ilmu Pendidikan Muhammadiyah Bone"
"601","Sekolah Tinggi Keguruan dan Ilmu Pendidikan Muhammadiyah Kuningan"
"602","Sekolah Tinggi Keguruan dan Ilmu Pendidikan Muhammadiyah Lumajang"
"603","Sekolah Tinggi Keguruan dan Ilmu Pendidikan Muhammadiyah Manokwari"
"604","Sekolah Tinggi Keguruan dan Ilmu Pendidikan Muhammadiyah Pringsewu"
"605","Sekolah Tinggi Keguruan dan Ilmu Pendidikan Muhammadiyah Sampit"
"606","Sekolah Tinggi Keguruan dan Ilmu Pendidikan Muhammadiyah Sorong"
"607","Sekolah Tinggi Keguruan dan Ilmu Pendidikan Nurul Huda"
"608","Sekolah Tinggi Keguruan dan Ilmu Pendidikan Persada Khatulistiwa Sintang"
"609","Sekolah Tinggi Keguruan dan Ilmu Pendidikan PGRI Bandar Lampung"
"610","Sekolah Tinggi Keguruan dan Ilmu Pendidikan PGRI Bangkalan"
"611","Sekolah Tinggi Keguruan dan Ilmu Pendidikan PGRI Banjarmasin"
"612","Sekolah Tinggi Keguruan dan Ilmu Pendidikan PGRI Blitar"
"613","Sekolah Tinggi Keguruan dan Ilmu Pendidikan PGRI Jombang"
"614","Sekolah Tinggi Keguruan dan Ilmu Pendidikan PGRI Lamongan"
"615","Sekolah Tinggi Keguruan dan Ilmu Pendidikan PGRI Lumajang"
"616","Sekolah Tinggi Keguruan dan Ilmu Pendidikan PGRI Pacitan"
"617","Sekolah Tinggi Keguruan dan Ilmu Pendidikan PGRI Pasuruan"
"618","Sekolah Tinggi Keguruan dan Ilmu Pendidikan PGRI Pontianak"
"619","Sekolah Tinggi Keguruan dan Ilmu Pendidikan PGRI Sampang"
"620","Sekolah Tinggi Keguruan dan Ilmu Pendidikan PGRI Sidoarjo"
"621","Sekolah Tinggi Keguruan dan Ilmu Pendidikan PGRI Situbondo"
"622","Sekolah Tinggi Keguruan dan Ilmu Pendidikan PGRI Sumatera Barat"
"623","Sekolah Tinggi Keguruan dan Ilmu Pendidikan PGRI Sumenep"
"624","Sekolah Tinggi Keguruan dan Ilmu Pendidikan PGRI Tulungagung"
"625","Sekolah Tinggi Keguruan dan Ilmu Pendidikan Puangrimaggalatung Sengkang"
"626","Sekolah Tinggi Keguruan dan Ilmu Pendidikan Santo Paulus"
"627","Sekolah Tinggi Keguruan dan Ilmu Pendidikan Sebelas April Sumedang"
"628","Sekolah Tinggi Keguruan dan Ilmu Pendidikan Setia Budhi Rangkasbitung"
"629","Sekolah Tinggi Keguruan dan Ilmu Pendidikan Siliwangi"
"630","Sekolah Tinggi Keguruan dan Ilmu Pendidikan Taman Siswa Bima"
"631","Sekolah Tinggi Keguruan dan Ilmu Pendidikan Tapanuli Selatan"
"632","Sekolah Tinggi Keguruan dan Ilmu Pendidikan Yayasan Dharma Bakti Lubuk Alung"
"633","Sekolah Tinggi Keguruan dan Ilmu Pendidikan YPUP"
"634","Sekolah Tinggi Kepemerintahan dan Kebijakan Publik"
"635","Sekolah Tinggi Kesehatan Bina Cipta Husada"
"636","Sekolah Tinggi Kesehatan Buana Husada Ponorogo"
"637","Sekolah Tinggi Kesehatan Imelda"
"638","Sekolah Tinggi Kesehatan Indonesia Wirautama"
"639","Sekolah Tinggi Kesenian Wilwatikta. Surabaya"
"640","Sekolah Tinggi Komputer Al Ma soem"
"641","Sekolah Tinggi Management Transportasi Trisakti"
"642","Sekolah Tinggi Manajemen Asuransi Trisakti"
"643","Sekolah Tinggi Manajemen dan Ilmu Komputer PPKIA Pradnya Paramita"
"644","Sekolah Tinggi Manajemen dan Ilmu Komputer Raharja"
"645","Sekolah Tinggi Manajemen Immi"
"646","Sekolah Tinggi Manajemen Industri"
"647","Sekolah Tinggi Manajemen Informatika Komputer Indonesia Banjarmasin"
"648","Sekolah Tinggi Manajemen Informatika Komputer Mataram"
"649","Sekolah Tinggi Manajemen Informatika Komputer Stella Maris Sumba"
"650","Sekolah Tinggi Manajemen Ipmi"
"651","Sekolah Tinggi Manajemen Labora"
"652","Sekolah Tinggi Manajemen Logistik Indonesia"
"653","Sekolah Tinggi Manajemen PPM"
"654","Sekolah Tinggi Manajemen Resiko dan Asuransi"
"655","Sekolah Tinggi Manajemen Transportasi Trisakti"
"656","Sekolah Tinggi Media Komunikasi Trisakti"
"657","Sekolah Tinggi Olahraga dan Kesehatan Bina Guna"
"658","Sekolah Tinggi Pariwisata AMPTA Yogyakarta"
"659","Sekolah Tinggi Pariwisata Ars Internasional"
"660","Sekolah Tinggi Penyuluhan Pertanian Bogor"
"661","STMIK Dharmapala Riau"
"662","STMIK Dian Cipta Cendikia Kotabumi"
"663","STMIK Dipanegara Makassar"
"664","STMIK Ganesha Bandung"
"665","STMIK Hang Tuah Pekanbaru"
"666","STMIK Himsya"
"667","STMIK IKMI Cirebon"
"668","STMIK IM"
"669","STMIK Indonesia Padang"
"670","STMIK Kaputama"
"671","STMIK Kharisma Makassar"
"672","STMIK Manado"
"673","STMIK Muhammadiyah Jakarta"
"674","STMIK Muhammadiyah Paguyangan Brebes"
"675","STMIK Nurdin Hamzah"
"676","STMIK Palcomtech"
"677","STMIK Pelita Nusantara Medan"
"678","STMIK STIKOM Indonesia"
"679","STMIK Sumedang"
"680","STMIK Triguna Dharma"
"681","STMIK Web Informatika Teknologi"
"682","STMIK Widya Dharma"
"683","STMIK Yadika Bangil"
"684","STMIK YMI Tegal"
"685","Universitas 17 Agustus 1945 Jakarta"
"686","Universitas 17 Agustus 1945 Samarinda"
"687","Universitas Abdurachman Saleh"
"688","Universitas Abulyatama"
"689","Universitas Achmad Yani Banjarmasin"
"690","Universitas Aki"
"691","Universitas Alma Ata"
"692","Universitas Alwashliyah"
"693","Universitas Amir Hamzah"
"694","Sekolah Tinggi Pariwisata Mataram"
"695","Sekolah Tinggi Pembangunan Masyarakat Desa APMD"
"696","Sekolah Tinggi Penyuluhan Pertanian Malang"
"697","Sekolah Tinggi Perikanan"
"698","Sekolah Tinggi Perikanan Hatta-sjahrir"
"699","Sekolah Tinggi Perikanan Sibolga"
"700","Sekolah Tinggi Pertanian Benteng Huraba"
"701","Sekolah Tinggi Pertanian Kewirausahaan Banau"
"702","Sekolah Tinggi Pertanian Kutai Timur"
"703","Sekolah Tinggi Pertanian Labuha"
"704","Sekolah Tinggi Pertanian Panca Bhakti"
"705","Sekolah Tinggi Peyuluhan Pertanian Gowa"
"706","Sekolah Tinggi Psikologi Yogyakarta"
"707","Sekolah Tinggi Sains dan Teknologi Indonesia"
"708","Sekolah Tinggi Seni Rupa dan Desain Visi Indonesia"
"709","Sekolah Tinggi Sosial Politik Waskita Darma"
"710","Sekolah Tinggi Teknik Atlas Nusantara"
"711","Sekolah Tinggi Teknik Baramuli"
"712","Sekolah Tinggi Teknik Bina Cendikia"
"713","Sekolah Tinggi Teknik Bina Taruna"
"714","Sekolah Tinggi Teknik Malang"
"715","Sekolah Tinggi Teknik Poliprofesi"
"716","Sekolah Tinggi Teknik Raden Wijaya"
"717","Sekolah Tinggi Teknologi Bina Tunggal"
"718","Sekolah Tinggi Teknologi Bontang"
"719","Sekolah Tinggi Teknologi Energi dan Mineral Akamigas Cepu"
"720","Sekolah Tinggi Teknologi Fatahillah Cilegon"
"721","Sekolah Tinggi Teknologi Garut"
"722","Sekolah Tinggi Teknologi Indonesia Jakarta"
"723","Sekolah Tinggi Teknologi Industri Bontang"
"724","Sekolah Tinggi Teknologi Muhammadiyah Cileungsi"
"725","Sekolah Tinggi Teknologi Jakarta"
"726","Sekolah Tinggi Teknologi Jawa Barat"
"727","Sekolah Tinggi Teknologi Kreatif Bina Nusantara Bandung"
"728","Sekolah Tinggi Teknologi Mandala"
"729","Sekolah Tinggi Teknologi Mineral Indonesia"
"730","Sekolah Tinggi Teknologi Mitra Karya"
"731","STIA Menara Siswa"
"732","Sekolah Tinggi Teknologi Muhammadiyah Kebumen"
"733","Sekolah Tinggi Teknologi Nasional Jambi"
"734","Sekolah Tinggi Teknologi Nusa Putra"
"735","Sekolah Tinggi Teknologi Pekanbaru"
"736","Sekolah Tinggi Teknologi Sinar Husni"
"737","Sekolah Tinggi Teknologi Stikma Internasional"
"738","Sekolah Tinggi Teknologi Texmaco"
"739","Sekolah Tinggi Teknologi Yupentek"
"740","Sekolah Tinggi Teologi Arastamar Merauke"
"741","Sekolah Tinggi Teologi Arastamar Wamena"
"742","Sekolah Tinggi Teologi Bandung"
"743","Sekolah Tinggi Teologi Baptis Papua"
"744","Sekolah Tinggi Teologi Berita Hidup Solo"
"745","Sekolah Tinggi Teologi Gereja Kalimantan Evangelis"
"746","Sekolah Tinggi Teologi Injili Indonesia Surabaya"
"747","Sekolah Tinggi Teologi Kasih Mentawai"
"748","Sekolah Tinggi Teologi Reformed Indonesia"
"749","Sekolah Tinggi Teologi Renatus Pematang Siantar"
"750","Sekolah Tinggi Teologi Saat Malang"
"751","Sekolah Tinggi Teologi Sangkakala"
"752","Sekolah Tinggi Teologi Soteria Purwokerto"
"753","Sekolah Tinggi Teologi Stars Lub Luwuk Banggai"
"754","Sekolah Tinggi Teologi Tabernakel Indonesia"
"755","Sekolah Tinggi Teologi Tawangmangu"
"756","Sekolah Tinggi Theologi Filadelfia Langowan"
"757","Sekolah Tinggi Theologi IKAT"
"758","Sekolah Tinggi Theologi Injili Arastamar"
"759","Sekolah Tinggi Theologia Arastamar Riau"
"760","Sekolah Tinggi Theologia Intim Makassar"
"761","Stba Persahabatan Internasional Asia"
"762","STFT Gki Izaak Samuel Kijne Jayapura"
"763","STIA Aan"
"764","STIA Abdul Azis Kataloka"
"765","STIA Abdul Haris"
"766","STIA Adabiah"
"767","STIA Al Gazali Soppeng"
"768","STIA Al Ghazali Barru"
"769","STIA Amuntai"
"770","STIA Asuh Mitra Solo"
"771","STIA Asy Syafi iyah"
"772","STIA Bagasasi Bandung"
"773","STIA Bala Putra Dewa"
"774","STIA Bandung"
"775","STIA Banten"
"776","STIA Bayuangga"
"777","STIA Bengkulu"
"778","STIA Bina Banua Banjarmasin"
"779","STIA Bina Nusantara Mandiri Pariaman"
"780","STIA Bina Taruna Gorontalo"
"781","STIA Cimahi"
"782","STIE Bali Internasional Institute of Tourism Management"
"783","STIE Bank Bpd Jawa Tengah"
"784","STIE Banten"
"785","STIE BII Bekasi"
"786","STIE Bina Karya"
"787","STIE Bisnis dan Perbankan"
"788","STIE Bumi Persada Lhokseumawe"
"789","STIE Cendekia Karya Utama"
"790","STIE Dharma Barata Kendari"
"791","STIE Dharma Nasional Jember"
"792","STIE Dr Kh Ez Mutaqien"
"793","STIE Dwi Sakti Baturaja"
"794","STIE Galileo"
"795","STIE Gema Widya Bangsa"
"796","STIE Gentiaras"
"797","STIE H Agus Salim"
"798","STIE IBBI"
"799","STIE Indonesia Banking School"
"800","STIE Indonesia Malang"
"801","STIE Indonesia Membangun (Inaba)"
"802","STIE Insan Pembangunan"
"803","STIE Islamiyah"
"804","STIE Kertanegara"
"805","STIE Triguna"
"806","STIE Kosgoro"
"807","STIE Kusuma Negara"
"808","STIE La Tansa Mashiro"
"809","STIE Lamaddukelleng"
"810","STIE LMII"
"811","STIE Mahaputra Riau"
"812","STIE Maiji"
"813","STIE Makassar Maju"
"814","STIE Manajemen Bisnis Indonesia"
"815","STIE Muhammadiyah Jakarta"
"816","STIE Muhammadiyah Mamuju"
"817","STIE Muhammadiyah Pringsewu Lampung"
"818","STIE Muhammadiyah Tanjung Redeb"
"819","STIE Muhammadiyah Tuban"
"820","STIE Mujahidin"
"821","STIE Mulia Pratama"
"822","STIE Multi Data Palembang"
"823","STIE Nganjuk"
"824","STIE Nusa Bangsa"
"825","STIE Nusantara Sangatta"
"826","STIE Ottow dan Geissler Fak-fak"
"827","STIE Ottow dan Geissler Serui"
"828","STIE Pagaruyung"
"829","STIE Palangka Raya"
"830","STIE Pancasetia"
"831","STIE Pariwisata Yapari Aktripa"
"832","STIE Pasaman"
"833","STIE Pasim Sukabumi"
"834","STIE Pasundan"
"835","STIE Pelita Bangsa Bekasi"
"836","STIE Pelita Indonesia"
"837","STIE Pembangunan"
"838","STIE Pengembangan Bisnis dan Manajemen"
"839","STIE Petra"
"840","STIE PGRI Dewantara"
"841","STIE Ppi"
"842","STIE Prabumulih"
"843","STIE Prakarti Mulya"
"844","STIE Putera Sampoerna"
"845","STIE Putra Bangsa"
"846","STIE Rajawali"
"847","STIE Rizky"
"848","STIE Saint Theresa"
"849","STIE Sampit"
"850","STIE Semarang"
"851","STIE Stmy"
"852","STIE Surya Nusantara"
"853","STIE Taman Siswa"
"854","STIE Tri Dharma Widya"
"855","STIE Tricom"
"856","STIE Widya Dharma Pontianak"
"857","STIE Widya Jayakarta"
"858","STIE Widya Persada"
"859","STIE Wijaya Mulya"
"860","STIE YAPAN"
"861","STIE Yapan Surabaya"
"862","STIE Yasa Anggana"
"863","STIE Yasmi"
"864","STIE Ykp"
"865","STIE YPBI"
"866","STIE YP-Karya"
"867","STIH Amsir"
"868","STIH Biak-Papua"
"869","STIH Bina Bangsa"
"870","STIH dan HAM"
"871","STIH IBLAM"
"872","STIH Muhammad Thaha Tual di Kota Tual"
"873","STIH Muhammadiyah Kotabumi"
"874","STIH Muhammadiyah Takengon"
"875","STIH Nias Selatan"
"876","STIKES Bethesda Yakkum"
"877","STIKES Bhakti Al-Qodiri"
"878","STIKES Bhakti Husada Bengkulu"
"879","STIKES Bhakti Husada Mulia Madiun"
"880","STIKES Bhakti Kencana"
"881","STIKES Bhakti Mulia"
"882","STIKES Bhakti Pertiwi Indonesia"
"883","STIKES Bhakti Pertiwi Luwu Raya Palopo"
"884","STIKES Bina Bangsa Majene"
"885","STIKES Bina Nusantara"
"886","STIKES Bina Usada Bali"
"887","STIKES Binawan"
"888","STIKES Bumi Persada Lhokseumawe"
"889","STIKES Cahaya Bangsa"
"890","STIKES Cendekia Utama"
"891","STIKES Citra Delima Bangka Belitung"
"892","STIKES Datu Kamanre"
"893","STIKES Dharma Landbouw"
"894","STIKES Dirgahayu Samarinda"
"895","STIKES Dr. Soebandi Jember"
"896","STIKES Duta Gama Klaten"
"897","STIKES Estu Utomo"
"898","STIKES Faathir Husada"
"899","STIKES Fitrah Aldar"
"900","STIKES Fort De Kock"
"901","STIKES Graha Edukasi"
"902","STIKES Griya Husada Sumbawa"
"903","STIKES Hamzar Memben Lombok Timur"
"904","STIKES Harapan Ibu Jambi"
"905","STIKES Holistik"
"906","STIKES Immanuel Bandung"
"907","STIKES Indonesia Padang"
"908","STIKES Insan Cendikia Medika"
"909","STIKES Insan Unggul Surabaya"
"910","STIKES Kapuas Raya"
"911","STIKES Karya Kesehatan"
"912","STIKES Katolik St Vincentius A Paulo Surabaya"
"913","STIKES Kendedes"
"914","STIKES Kepanjen"
"915","STIKES Kharisma Karawang"
"916","STIKES Makassar"
"917","STIKES Mandala Waluya"
"918","STIKES Marendeng Majene"
"919","STIKES Mataram"
"920","STIKES Medika Cikarang"
"921","STIKES Medika Nurul Islam"
"922","STIKES Medika Seramoe Barat"
"923","STIKES Medistra Lubuk Pakam"
"924","STIKES Mitra Adiguna"
"925","STIKES Mitra Husada Karanganyar"
"926","STIKES Mitra Ria Husada"
"927","STIKES Muhammadiyah Mojokerto"
"928","STIKES Muhammadiyah Kendal"
"929","STIKES Muhammadiyah Klaten"
"930","STIKES Muhammadiyah Kudus"
"931","STIKES Muhammadiyah Manado"
"932","STIKES Muhammadiyah Palembang"
"933","STIKES Muhammadiyah Pekajangan"
"934","STIKES Murni Teguh"
"935","STIKES Nan Tongga"
"936","STIKES Nani Hasanuddin"
"937","STIKES Nasional"
"938","STIKES Nurul Jadid"
"939","STIKES Nusantara Jaya Makassar"
"940","STIKES Nusantara Lasinrang"
"941","STIKES Paguwarmas Maos"
"942","STIKES Pamentas"
"943","STIKES Panakkukang"
"944","STIKES Panca Atma Jaya"
"945","STIKES Papua"
"946","STIKES Patria Husada"
"947","STIKES Pelamonia Kesdam VII Wirabuana"
"948","STIKES Perintis Padang"
"949","STIKES Permata Nusantara"
"950","STIKES Pertamedika"
"951","STIKES Piala Sakti Pariaman"
"952","STIKES PKU Muhammadiyah Surakarta"
"953","STIKES Prima Indonesia"
"954","STIKES Prima Nusantara"
"955","STIKES Puangrimanggalatung"
"956","STIKES Putra Abadi Langkat"
"957","STIKES Raflesia"
"958","STIKES RSU Daya Makassar"
"959","STIKES Rumah Sakit Anwar Medika"
"960","STIKES Sakinah Husada Tanjung Balai"
"961","STIKES Salewangan Maros"
"962","STIKES Sari Mulia"
"963","STIKES Sint Carolus"
"964","STIKES Suaka Insan"
"965","STIKES Sumatera Utara"
"966","STIKES Surifatri Kotamobagu"
"967","STIKES Trinita"
"968","STIKES William Booth"
"969","STIKES Wira Medika Bali"
"970","STIKES Yayasan RS. Dr. Soetomo"
"971","STIKES YPAK Padang"
"972","STIKESMAS Nusantara"
"973","STIKI Malang"
"974","STIKOM Muhammadiyah Jayapura"
"975","STIKOM Tunas Bangsa"
"976","STIKS Tamalanrea Makassar"
"977","STIMED Nusa Palapa"
"978","STIMI Samarinda"
"979","STIMIK Sepuluh Nopember Jayapura"
"980","STIPER Santo Thomas Aquinas Jayapura"
"981","STIPER Sawahlunto Sijunjung"
"982","STISIP Al Washliyah Banda Aceh"
"983","STISIP Amal Ilmiah Yapis Wamena"
"984","STISIP Bina Generasi Polewali"
"985","STISIP Bina Marta"
"986","STISIP Bunda Tanah Melayu"
"987","STISIP Muhammadiyah Madiun"
"988","STISIP Nurdin Hamzah"
"989","Universitas Azzahra"
"990","Universitas Bakrie"
"991","Universitas Bale Bandung"
"992","Universitas Bandung Raya"
"993","Universitas Bangka Belitung"
"994","Universitas Banten Jaya"
"995","Universitas Batanghari Jambi"
"996","Universitas Baturaja"
"997","Universitas Bengkulu"
"998","Universitas Bina Nusantara"
"999","Universitas Bojonegoro"
"1000","Universitas Boyolali"
"1001","Universitas Brawijaya"
"1002","Universitas Buddhi Dharma"
"1003","Universitas Bumi Hijrah Tidore"
"1004","Universitas Cenderawasih"
"1005","Universitas Ciputra"
"1006","Universitas Cordova"
"1007","Universitas Darma Agung Medan"
"1008","Universitas Darul ulum"
"1009","Universitas Darul Ulum Islamic Centre Sudirman"
"1010","Universitas Darussalam Ambon"
"1011","Universitas Darwan Ali"
"1012","Universitas Dharma Andalas"
"1013","Universitas Dharmawangsa"
"1014","Universitas Dhyana Pura"
"1015","Universitas Dian Nusantara"
"1016","Universitas Dian Nuswantoro"
"1017","Universitas Diponegoro"
"1018","Universitas Dirgantara Marsekal Suryadarma, Jakarta"
"1019","Universitas Dr Soetomo"
"1020","Universitas Dumoga Bone Kotamubagu"
"1021","Universitas Efarina"
"1022","Universitas Ekasakti"
"1023","Universitas Esa Unggul"
"1024","Universitas florestimur"
"1025","Universitas Gorontalo"
"1026","Universitas Graha Nusantara"
"1027","Universitas Gunadarma"
"1028","Universitas Gunung Kidul"
"1029","Universitas Gunung Rinjani"
"1030","Universitas Hang Tuah"
"1031","Universitas Harapan Medan"
"1032","Universitas Hasyim Asy'ari Tebuireng Jombang"
"1033","Universitas IBA"
"1034","Universitas Pakuan"
"1035","Universitas Indo Global Mandiri"
"1036","Universitas Internasional Batam"
"1037","Universitas Internasional Semen Indonesia"
"1038","Universitas Iqra Buru"
"1039","Universitas Iskandar Muda"
"1040","Universitas Islam Al-azhar Mataram"
"1041","Universitas Islam As‐Syafiiyah"
"1042","Universitas Islam Balitar"
"1043","Universitas Islam Indragiri"
"1044","Universitas Islam Jakarta"
"1045","Universitas Islam Jember"
"1046","Universitas Islam Kadiri"
"1047","Universitas Islam Kuantan Singingi"
"1048","Universitas Islam Madura"
"1049","Universitas Islam Majapahit Mojokerto"
"1050","Universitas Islam Nahdlatul Ulama Jepara"
"1051","Universitas Islam Negeri Alauddin"
"1052","Universitas Islam Negeri Malang"
"1053","Universitas Islam Negeri Raden Fatah"
"1054","Universitas Islam Negeri Sunan Ampel"
"1055","Universitas Islam Negeri Syarif Hidayatullah Jakarta"
"1056","Universitas Islam Negeri Walisongo"
"1057","Universitas Islam Riau"
"1058","Universitas Islam Syekh Yusuf"
"1059","Universitas Jember"
"1060","Universitas Jenderal Achmad Yani"
"1061","Universitas Kadiri"
"1062","Universitas Kaltara"
"1063","Universitas Kanjuruhan"
"1064","Universitas Kapuas Sintang"
"1065","Universitas Karimun"
"1066","Universitas Kartini"
"1067","Universitas Karyadarma Kupang"
"1068","Universitas Katolik Indonesia Atma Jaya"
"1069","Universitas Katolik Parahyangan"
"1070","Universitas Katolik Santo Thomas"
"1071","Universitas Katolik Widya Mandala Madiun"
"1072","Universitas Katolik Widya Mandala Surabaya"
"1073","Universitas Katolik Widya Mandira Kupang"
"1074","Universitas Katolik De La Salle"
"1075","Universitas Katolik Musi Charitas"
"1076","Universitas KH. A. Wahab Hasbullah"
"1077","Universitas Khairun"
"1078","Universitas Klabat"
"1079","Universitas Komputer Indonesia"
"1080","Universitas Krisnadwipayana"
"1081","Universitas Kristen Artha Wacana"
"1082","Universitas Kristen Cipta Wacana"
"1083","Universitas Kristen Duta Wacana Yogyakarta"
"1084","Universitas Kristen Immanuel"
"1085","Universitas Kristen Indonesia"
"1086","Universitas Kristen Indonesia Maluku"
"1087","Universitas Kristen Indonesia Paulus"
"1088","Universitas Kristen Indonesia Toraja"
"1089","Universitas Kristen Krida Wacana"
"1090","Universitas Kristen Palangka Raya"
"1091","Universitas Kristen Satya Wacana"
"1092","Universitas Kristen Tentena"
"1093","Universitas Kristen Wira Wacana Sumba"
"1094","Universitas Kuningan"
"1095","Universitas Kutai Kartanegara kutaikartanegara"
"1096","Universitas Lakidende Unahaa"
"1097","Universitas Lambung Mangkurat"
"1098","Universitas Lintas Internasional Indonesia"
"1099","Universitas Lumajang"
"1100","Universitas Ma Chung"
"1101","Universitas Madako Toli-toli-Toli-toli"
"1102","Universitas Madura"
"1103","Universitas Mahaputra Muhammad Yamin"
"1104","Universitas Mahasaraswati Mataram"
"1105","Universitas Mahendradatta"
"1106","Universitas Majalengka"
"1107","Universitas Malahayati"
"1108","Universitas Malikussaleh Lhokseumawe"
"1109","Universitas Medan Area"
"1110","Universitas Megou Pak Tulang Bawang"
"1111","Universitas Mercu Buana"
"1112","Universitas Merdeka Madiun"
"1113","Universitas Merdeka Pasuruan"
"1114","Universitas Merdeka Surabaya"
"1115","Universitas Methodist Indonesia"
"1116","Universitas Mohammad Husni Thamrin"
"1117","Universitas Mpu Tantular"
"1118","Universitas Muara Bungo"
"1119","Universitas Muhadi Setiabudi"
"1120","Universitas Muhammadiyah Aceh"
"1121","Universitas Muhammadiyah Banjarmasin"
"1122","Universitas Muhammadiyah Bengkulu"
"1123","Universitas Muhammadiyah Buton"
"1124","Universitas Muhammadiyah Jakarta"
"1125","Universitas Muhammadiyah Jember"
"1126","Universitas Muhammadiyah Kalimantan Timur"
"1127","Universitas Muhammadiyah Kendari"
"1128","Universitas Muhammadiyah Kupang"
"1129","Universitas Muhammadiyah Magelang"
"1130","Universitas Muhammadiyah Makassar"
"1131","Universitas Muhammadiyah Malang"
"1132","Universitas Muhammadiyah Palembang"
"1133","Universitas Muhammadiyah Pare‐Pare"
"1134","Universitas Muhammadiyah Pontianak"
"1135","Universitas Muhammadiyah Prof. DR. Hamka"
"1136","Universitas Muhammadiyah Purworejo"
"1137","Universitas Muhammadiyah Sidoarjo"
"1138","Universitas Muhammadiyah Sumatera Barat"
"1139","Universitas Muhammadiyah Sumatera Utara"
"1140","Universitas Muhammadiyah Surabaya"
"1141","Universitas Muhammadiyah Surakarta"
"1142","Universitas Muhammadiyah Tangerang"
"1143","Universitas Muhammadiyah Tapanuli Selatan"
"1144","Universitas Mulawarman"
"1145","Universitas Musamus Merauke"
"1146","Universitas Musi Rawas"
"1147","Universitas Muslim Maros"
"1148","Universitas Nahdlatul Ulama Blitar"
"1149","Universitas Nahdlatul Ulama Cirebon"
"1150","Universitas Nahdlatul Ulama Indonesia"
"1151","Universitas Nahdlatul Ulama Kalimantan Barat"
"1152","Universitas Nahdlatul Ulama Kalimantan Selatan"
"1153","Universitas Nahdlatul Ulama Kalimantan Timur"
"1154","Universitas Nahdlatul Ulama Lampung"
"1155","Universitas Nahdlatul Ulama Purwokerto"
"1156","Universitas Nahdlatul Ulama Sumatera Barat"
"1157","Universitas Nahdlatul Ulama Sumatera Utara"
"1158","Universitas Nahdlatul Ulama Sunan Giri"
"1159","Universitas Nahdlatul Ulama Surabaya"
"1160","Universitas Nahdlatul Ulama Surakarta"
"1161","Universitas Nahdlatul Ulama Wathan Mataram"
"1162","Universitas Nahdlatul Ulama Yogyakarta"
"1163","Universitas Nani Bili Nusantara"
"1164","Universitas Narotama"
"1165","Universitas Nasional Karangturi Semarang"
"1166","Universitas Nasional Pasim"
"1167","Universitas Negeri Gorontalo"
"1168","Universitas Negeri Jakarta"
"1169","Universitas Negeri Makassar"
"1170","Universitas Negeri Malang"
"1171","Universitas Negeri Manado"
"1172","Universitas Negeri Medan"
"1173","Universitas Negeri Padang"
"1174","Universitas Negeri Semarang"
"1175","Universitas Negeri Surabaya"
"1176","Universitas Negeri Yogyakarta"
"1177","Universitas Ngurah Rai"
"1178","Universitas Nuku"
"1179","Universitas Nurtanio"
"1180","Universitas Nurul Jadid"
"1181","Universitas Nusa Lontar"
"1182","Universitas Nusa Nipa"
"1183","Universitas Nusa Tenggara Barat"
"1184","Universitas Nusantara Manado"
"1185","Universitas Nusantara PGRI Kediri"
"1186","Universitas Ottow Geissler"
"1187","Universitas Padjadjaran"
"1188","Universitas Pertahanan"
"1189","Universitas Pawyatan Daha"
"1190","Universitas Pejuang Republik Indonesia Makassar"
"1191","Universitas Pekalongan"
"1192","Universitas Pelita Harapan Surabaya"
"1193","Universitas Pembangunan Indonesia"
"1194","Universitas Pembangunan Nasional Veteran Jakarta"
"1195","Universitas Pembangunan Nasional Veteran Surabaya"
"1196","Universitas Pembangunan Panca Budi"
"1197","Universitas Pembinaan Masyarakat Indonesia"
"1198","Universitas Pendidikan Ganesha"
"1199","Universitas Pendidikan Indonesia"
"1200","Universitas Pendidikan Nasional"
"1201","Universitas Pepabri Makassar"
"1202","Universitas Peradaban"
"1203","Universitas Perjuangan Tasikmalaya"
"1204","Universitas Persada Indonesia Yai"
"1205","Universitas Pertamina"
"1206","Universitas Pesantren Tinggi Darul ' Ulum Jombang"
"1207","Universitas PGRI Banyuwangi"
"1208","Universitas PGRI Madiun"
"1209","Universitas PGRI Palangka Raya"
"1210","Universitas PGRI Semarang"
"1211","Universitas PGRI Yogyakarta"
"1212","Universitas Potensi Utama"
"1213","Universitas Prasetiya Mulya"
"1214","Universitas Presiden"
"1215","Universitas Prisma"
"1216","Universitas Prof Dr. Hazairin SH"
"1217","Universitas Prof. Dr. Moestopo (Beragama)"
"1218","Universitas Proklamasi 45 Yogyakarta"
"1219","Universitas Putra Indonesia"
"1220","Universitas Qamarul Huda Badaruddin Bagu"
"1221","Universitas Respati Indonesia"
"1222","Universitas Respati Yogyakarta"
"1223","Universitas Sahid"
"1224","Universitas Sains Al Qur`an"
"1225","Universitas Sains Cut Nyak Dhien"
"1226","Universitas Sains dan Teknologi Jayapura"
"1227","Universitas Sam Ratulangi"
"1228","Universitas San Pedro"
"1229","Universitas Sang Bumi Ruwa Jurai"
"1230","Universitas Sangga Buana"
"1231","Universitas Sari Mutiara Indonesia Medan"
"1232","Universitas Sari Putra Indonesia Tomohon"
"1233","Universitas Satya Wiyata Mandala"
"1234","Universitas Satyagama"
"1235","Universitas Sawerigading Makassar"
"1236","Universitas Setia Budi Surakarta"
"1237","Universitas Simalungun"
"1238","Universitas Sisingamangaraja XII"
"1239","Universitas Sisingamangaraja XII Tapanuli Utara"
"1240","Universitas Soerjo"
"1241","Universitas Sriwijaya"
"1242","Universitas STIKUBANK"
"1243","Universitas Subang"
"1244","Universitas Sulawesi Tenggara"
"1245","Universitas Sunan Bonang"
"1246","Universitas Surakarta"
"1247","Universitas Surapati"
"1248","Universitas Surya Bogor"
"1249","Universitas Suryadarma"
"1250","Universitas Suryakancana"
"1251","Universitas Tabanan"
"1252","Universitas Tama Jagakarsa"
"1253","Universitas Tamansiswa"
"1254","Universitas Tanjungpura"
"1255","Universitas Tanri Abeng"
"1256","Universitas Teknologi Indonesia"
"1257","Universitas Teknologi Nusantara Cilegon"
"1258","Universitas Teknologi Sumbawa"
"1259","Universitas Teknologi Surabaya"
"1260","Universitas Teknologi Yogyakarta"
"1261","Universitas Timika"
"1262","Universitas Tjut Nyak Dhien"
"1263","Universitas Tomakaka"
"1264","Universitas Tribhuwana Tungga Dewi"
"1265","Universitas Tribuana Kalabahi"
"1266","Universitas Tridinanti"
"1267","Universitas Trilogi"
"1268","Universitas Trisakti"
"1269","Universitas Trunojoyo"
"1270","Universitas Tulang Bawang"
"1271","Universitas Tunas Pembangunan"
"1272","Universitas Victory Sorong"
"1273","Universitas Wahid Hasyim"
"1274","Universitas Wahidiyah"
"1275","Universitas Wanita Internasional"
"1276","Universitas Widya Dharma Klaten"
"1277","Universitas Widya Gama"
"1278","Universitas Widya Mataram"
"1279","Universitas Widyatama"
"1280","Universitas Wijaya Kusuma Purwokerto"
"1281","Universitas Wiralodra"
"1282","Universitas Wiraraja"
"1283","Universitas Wisnuwardhana"
"1284","Universitas Yapis Papua"
"1285","Universitas Yos Sudarso"
"1286","Universitas Kristen Papua"
"1287","Universitas Islam Nusantara"
"1288","Universitas Ngudi Waluyo"
"1289","Universitas Sarjanawiyata Tamansiswa"
"1290","Universitas Tulungagung"
"1291","Universitas Muhammadiyah Yogyakarta"
"1292","Universitas Hamzanwadi"
"1293","Universitas Muhammadiyah Sorong"
"1294","Universitas Mahasaraswati Denpasar"
"1295","Universitas Bung Karno"
"1296","Universitas Udayana"
"1297","Universitas Indonesia"
"1298","Universitas Nusa Bangsa"
"1299","Universitas Islam Lamongan"
"1300","Universitas Cokroaminoto Palopo"
"1301","Universitas Bunda Mulia"
"1302","Universitas Universal"
"1303","Universitas Satya Negara"
"1304","Universitas Buana Perjuangan Karawang"
"1305","Universitas Palangka Raya"
"1306","Universitas Katolik Widya Karya"
"1307","Universitas Sunan Giri Surabaya"
"1308","Universitas Informatika dan Bisnis Indonesia"
"1309","Universitas BSI"
"1310","Universitas Swiss German"
"1311","Universitas Wiraswasta Indonesia"
"1312","Universitas Samawa"
"1313","Universitas Islam Bandung"
"1314","Universitas Telkom"
"1315","Universitas Sultan Ageng Tirtayasa"
"1316","Universitas Patria Artha"
"1317","Universitas Syiah Kuala"
"1318","Universitas Islam Negeri Sulthan Syarif Kasim Riau"
"1319","Universitas Islam Ogan Komering Ilir Kayuagung"
"1320","Institut Agama Islam Negeri Bukittinggi"
"1321","Politeknik API Yogyakarta"
"1322","Institut Teknologi Nasional Bandung"
"1323","Politeknik Akamigas Palembang"
"1324","Institut Sains dan Teknologi Indonesia Manokwari"
"1325","Institut Sains dan Teknologi Al-Kamal"
"1326","Institut Sains dan Teknologi Pembangunan Indonesia"
"1327","Institut Teknologi Adhi Tama Surabaya"
"1328","Institut Keguruan dan Ilmu Pendidikan PGRI Bojonegoro"
"1329","Sekolah Tinggi Ilmu Komputer Ambon"
"1330","STMIK Balikpapan"
"1331","STIKES Baiturrahim"
"1332","STIE Pembangunan Tanjungpinang"
"1333","Sekolah Tinggi Perikanan dan Kelautan Palu"
"1334","STIE Profesional Indonesia"
"1335","STKIP Yapis Dompu"
"1336","STKIP Muhammadiyah Rappang"
"1337","STIE Bisnis Indonesia"
"1338","Sekolah Tinggi Teknik Lingkungan Mataram"
"1339","Sekolah Tinggi Teknologi Nasional Yogyakarta"
"1340","Sekolah Tinggi Ilmu Manajemen Sukma"
"1341","STIE Nusa Megar Kencana"
"1342","STIE Nasional Banjarmasin"
"1343","STIE Widya Gama"
"1344","STIKES Al Ma`arif"
"1345","STMIK Jakarta STIdanK"
"1346","STMIK Subang"
"1347","STIE Yapi Bone"
"1348","STIE Dewantara"
"1349","STIE Indocakti"
"1350","STIE Isti Ekatana Upaweda"
"1351","STIH Tambun Bungai"
"1352","STIH Painan"
"1353","STIE Krakatau"
"1354","Universitas Adiwangsa Jambi"
"1355","STIE Muara Teweh"
"1356","STIE Jambatan Bulan"
"1357","STIH dan Politik Palu"
"1358","STIE Muhammadiyah Palopo"
"1359","STKIP Persada Khatulistiwa Sintang"
"1360","Sekolah Tinggi Ilmu Sosial dan Politik Amal Ilmiah Yapis Wamena"
"1361","STIKES Aisyah Pringsewu"
"1362","Sekolah Tinggi Ilmu Pertanian Muhammadiyah Sinjai"
"1363","STIE Wibawa Karta Raharja"
"1364","STIE Putra Timor"
"1365","Sekolah Tinggi Ilmu Kehutanan Pante Kulu"
"1366","STIE Latifah Mubarokiyah"
"1367","Sekolah Tinggi Teknik Industri Turen"
"1368","STIE Dr Moechtar Talib"
"1369","STIE Asia Malang"
"1370","STIE Jayakarta"
"1371","Universitas Al Muslim"
"1372","STIKESMAS Widya Dharma Palembang"
"1373","STMIK Pro Visi Semarang"
"1374","Sekolah Tinggi Teknologi Gempol"
"1375","STMIK Mikroskil"
"1376","STMIK Potensi Utama"
"1377","Sekolah Tinggi Teologi Jemaat Kristus Indonesia"
"1378","STIKES Flora"
"1379","STMIK Nusa Mandiri Sukabumi"
"1380","STKIP Ahlussunnah"
"1381","STIE Bhakti Pembangunan"
"1382","STKIP Muhammadiyah Bogor"
"1383","STIKES Tanawali Persada"
"1384","STIE Labuhan Batu"
"1385","STMIK Widya Utama"
"1386","Sekolah Tinggi Ilmu Komunikasi Wangsa Jaya"
"1387","STIE Pelita Nusantara"
"1388","STKIP Situs Banten di Serang"
"1389","STMIK Pranata Indonesia"
"1390","Universitas Al Washliyah"
"1391","STIA dan Pemerintahan Annisa Dwi Salfarizi, Palembang"
"1392","STIKES Widya Cipta Husada"
"1393","STIKES Insan Se Agung"
"1394","STIE St Pignatelli"
"1395","STIE Nias Selatan"
"1396","STIKES Ranah Minang"
"1397","STKIP Muhammadiyah Enrekang"
"1398","STIKES Binalita Sudama"
"1399","Universitas 45 Surabaya"
"1400","STIPER Agrobisnis Perkebunan"
"1401","Sekolah Tinggi Maritim dan Transpor AMNI"
"1402","STIM Lasharan Jaya Makassar"
"1403","STIKES Amanah Makassar"
"1404","Sekolah Tinggi Agama Islam Al‐Mawaddah Warrahmah Kolaka"
"1405","STIKES RS Baptis Kediri"
"1406","STISIP Syamsul Ulum"
"1407","STMIK Sinar Nusantara"
"1408","STIKES Widya Husada Medan"
"1409","STIKES Hang Tuah"
"1410","STIKES Yarsi Mataram"
"1411","STIKES Yatsi"
"1412","STIE Serelo Lahat"
"1413","STKIP Tunas Palapa"
"1414","STIKES Purna Bhakti Husada Batusangkar"
"1415","STIKES Panrita Husada"
"1416","STIKES Bina Sehat PPNI Mojokerto"
"1417","STKIP Media Nusantara Citra"
"1418","Akademi Refraksi Optisi Leprindo Jakarta"
"1419","Akademi Minyak dan Gas Balongan"
"1420","Akademi Analis Farmasi Al-Islam"
"1421","Akademi Pariwisata Majapahit"
"1422","Akademi Tata Boga Bandung"
"1423","Akademi Teknik Tirta Wiyata"
"1424","Akademi Maritim Nusantara Cilacap"
"1425","Akademi Seni dan Desain Indonesia Surakarta"
"1426","Akademi Perbankan Yuki"
"1427","AKPER Gita Matura Abadi Kisaran"
"1428","AMIK Tri Dharma Palu"
"1429","AMIK Taruna"
"1430","Akademi Pariwisata Tridaya"
"1431","AMIK YMI Tegal"
"1432","Akademi Farmasi Jember"
"1433","Akademi Kebidanan Panca Bhakti Pontianak"
"1434","AMIK Lampung"
"1435","Institut Agama Islam Daar Al Uluum Asahan"
"1436","AMIK Polibisnis Medan"
"1437","Akademi Manajemen Perusahaan Jayabaya"
"1438","Akademi Kebidanan Sinar Kasih Toraja"
"1439","Akademi Teknik PIKA"
"1440","Akademi Kebidanan Ibtisam Aulia"
"1441","Akademi Kebidanan Madani Sinjai"
"1442","Akademi Kebidanan Bakti Utama Pati"
"1443","ASM Marsudirini Santa Maria"
"1444","Akademi Kebidanan Borneo Medistra"
"1445","Akademi Kebidanan Imam Bonjol"
"1446","Akademi Kebidanan Delima"
"1447","Akademi Keperawatan Yapenas 21 Maros"
"1448","AMIK Kosgoro"
"1449","Akademi Keperawatan Yappkes Aceh Singkil"
"1450","Akademi Kebidanan Siti Fatimah"
"1451","Akademi Manajemen Rumah Sakit Kusuma Husada"
"1452","Akademi Keperawatan Kebonjati"
"1453","Akademi Kebidanan Jayakarta Sehat"
"1454","Akademi Kebidanan Masamba"
"1455","Institut Agama Islam Al Muslim Aceh"
"1456","Akademi Kebidanan Suluh Bangsa"
"1457","Akademi Kebidanan Adhira Mustika Gayo"
"1458","Akademi Kebidanan Aisyiyah Palembang"
"1459","Akademi Keperawatan RS Efarina"
"1460","Akademi Sekretari dan Manajemen Indonesia Airlangga Balikpapan"
"1461","Akademi Keperawatan Dharma Wacana"
"1462","Akademi Teknik Pratama Makale"
"1463","Akademi Kebidanan Audi Husada Medan"
"1464","Akademi Pariwisata Pertiwi"
"1465","Akademi Keperawatan Justitia"
"1466","Akademi Kebidanan Darul Husada"
"1467","Akademi Kebidanan Husada Gemilang"
"1468","Akademi Keperawatan Fatima Pare-pare"
"1469","Akademi Keperawatan Al-Ikhlas Cisarua"
"1470","Akademi Kebidanan Harapan Ibu Langsa"
"1471","Akademi Kebidanan Islam Al-hikmah"
"1472","Akademi Kebidanan Bunda Kotamobagu"
"1473","Akademi Kebidanan Soko Tunggal"
"1474","Akademi Kebidanan Laksamana"
"1475","AMIK BSI Purwokerto"
"1476","AMIK Al-Muslim Bekasi"
"1477","Akademi Kebidanan Medika Wiyata Kediri"
"1478","Akademi Komunikasi Radya Binatama"
"1479","Akademi Kebidanan Wahana Sehat Sidoarjo"
"1480","Akademi Kebidanan Muslimat Nahdlatul Ulama Kudus"
"1481","Akademi Kebidanan Palapa Husada"
"1482","Akademi Kebidanan Deli Husada Delitua Medan"
"1483","Akademi Kebidanan Medica Alas Leuser"
"1484","Akademi Kebidanan Internasional Pekanbaru"
"1485","Akademi Kebidanan Bina Nusantara Mandiri"
"1486","Akademi Kebidanan Dharma Praja Bondowoso"
"1487","Akademi Kebidanan Bhakti Asih Purwakarta"
"1488","Akademi Kebidanan Bakti Indonesia Balikpapan"
"1489","Akademi Kebidanan Heppy Zal"
"1490","Akademi Kebidanan Sentral"
"1491","Akademi Akuntansi Riau"
"1492","Akademi Keperawatan Bethesda Serukam"
"1493","AMIK BSI Tasikmalaya"
"1494","Akademi Kebidanan Pelamonia Kesdam VIIWirabuana"
"1495","Akademi Perpajakan Tridarma Lampung"
"1496","Akademi Keperawatan Jabal Ghafur"
"1497","Akademi Kebidanan Pelita Ibu Kendari"
"1498","Akademi Keperawatan Fatima Mamuju"
"1499","Akademi Keperawatan Dharma Husada Kediri"
"1500","Akademi Keperawatan Toraya"
"1501","Akademi Keperawatan Muhammadiyah Makassar"
"1502","Akademi Kebidanan Lapatau Bone Watampone"
"1503","Akademi Kebidanan Sumatera Barat"
"1504","AMIK Sigma"
"1505","Akademi Keperawatan Yappi Sragen"
"1506","Akademi Kebidanan Bakti Nusantara Rantepao"
"1507","Akademi Keperawatan Sehat Binjai"
"1508","Akademi Keperawatan Andalusia Jakarta"
"1509","Akademi Keperawatan Lapatau Bone Watampone"
"1510","Akademi Keperawatan Kharisma Gowa Raya"
"1511","Akademi Keperawatan Kosgoro Mojokerto"
"1512","Akademi Fisioterapi Harapan Bangsa Banda Aceh"
"1513","Akademi Keperawatan Takasima Kabanjahe"
"1514","Akademi Keperawatan Kaltara"
"1515","Akademi Keperawatan YKY Yogyakarta"
"1516","Akademi Kebidanan Dharma Husada Pekanbaru"
"1517","Akademi Keperawatan Fatmawati"
"1518","Akademi Keperawatan Pamenang"
"1519","Akademi Kebidanan Mitra Syuhada Padangsidimpuan"
"1520","Akademi Keperawatan Bina Insani Sakti"
"1521","Institut Agama Islam Negeri Bengkulu"
"1522","Akademi Perikanan Bhima Sakti"
"1523","Sekolah Tinggi Agama Islam Al‐Azhar Menganti Gresik, Gresik"
"1524","Politeknik Kampar"
"1525","Politeknik Negeri Bengkalis"
"1526","Politeknik Stibisnis"
"1527","Politeknik Negeri Ambon"
"1528","Politeknik Ubaya"
"1529","Sekolah Tinggi Agama Buddha Negeri Sriwijaya"
"1530","Politeknik Mitra Karya Mandiri"
"1531","Politeknik Kesehatan Kemenkes Manado"
"1532","Politeknik Halmahera"
"1533","Politeknik Katolik Saint Paul"
"1534","Sekolah Tinggi Agama Islam Al-Hikmah Jakarta"
"1535","Akademi Akuntansi Al Fatah"
"1536","Akademi Akuntansi dan Manajemen Mitra Lampung"
"1537","Akademi Bahasa Asing Colorado Samarinda"
"1538","Akademi Bahasa Asing Internasional Bandung"
"1539","Akademi Bahasa Asing Nasional Jakarta"
"1540","Akademi Kebidanan Aisyiyah Pontianak"
"1541","Akademi Kebidanan Ar-Rahmah Bandung"
"1542","Akademi Kebidanan Batari Toja"
"1543","Akademi Kebidanan Harapan Keluarga"
"1544","Akademi Kebidanan Inau"
"1545","Akademi Kebidanan Medica Putro Bungsu"
"1546","Akademi Kebidanan Nyai Ahmad Dahlan"
"1547","Akademi Kebidanan Paramata Raha"
"1548","Akademi Kebidanan Patriot Bangsa Husada"
"1549","Akademi Kebidanan Permata Husada Samarinda"
"1550","Akademi Kebidanan Prima Jambi"
"1551","Akademi Kebidanan YAPKESBI Banjarbaru"
"1552","Akademi Kebidanan Yayasan Pendidikan Mona"
"1553","Akademi Keperawatan Bahrul Ulum Jombang"
"1554","Akademi Keperawatan Bhakti Kencana Bandung"
"1555","Akademi Keperawatan Dian Husada"
"1556","Akademi Keperawatan Hafshawaty Zainul Hasan"
"1557","Akademi Keperawatan Makasar"
"1558","Akademi Keperawatan Muhammadiyah Kendal"
"1559","Akademi Keperawatan Pemerintah Kab Purworejo"
"1560","Akademi Keperawatan Pemerintah Kabupaten Ngawi"
"1561","Akademi Keperawatan Rantepao"
"1562","Akademi Keuangan dan Perbankan ICM Cantrika Mitra"
"1563","Akademi Kimia Analis Caraka Nusantara"
"1564","Akademi Kuliner dan Patiseri Ottimmo Internasional"
"1565","Akademi Manajemen Koperasi Tantular"
"1566","Akademi Manajemen Putra Jaya"
"1567","Akademi Maritim Nusantara Malahayati"
"1568","Akademi Pembangunan Pertanian Lubuk Alung"
"1569","Akademi Perdagangan Catur Insan Cendekia"
"1570","Akademi Sekretari Saint Theresia"
"1571","AKPER Putra Pertiwi Watansoppeng"
"1572","AMIK BSI Bandung"
"1573","AMIK BSI Bekasi"
"1574","AMIK BSI Karawang"
"1575","AMIK BSI Yogyakarta"
"1576","AMIK Catur Sakti Kendari"
"1577","AMIK Citra Buana Indonesia"
"1578","AMIK Mitra Gama"
"1579","AMIK Mitra Lampung"
"1580","AMIK Tomakaka"
"1581","AMIK Wahana Mandiri Tangerang"
"1582","Institut Agama Islam Ma'arif NU"
"1583","Institut Kesenian Jakarta - LPKJ"
"1584","Politeknik Indonesia Venezuela"
"1585","Politeknik Negeri Pontianak"
"1586","Politeknik Pusmanu"
"1587","Sekolah Tinggi Agama Islam Al‐Hikmah Medan"
"1588","Sekolah Tinggi Farmasi Bandung"
"1589","Sekolah Tinggi Filsafat Fajar Timur"
"1590","Sekolah Tinggi Filsafat Katolik Ledalero"
"1591","STIE Akuntansi dan Bisnis Internasional"
"1592","STIE Bangkinang"
"1593","STIE Bisma Lepisi"
"1594","STIE Ichsan"
"1595","STIE Media Nusantara Cipta"
"1596","STIE Muhammadiyah Jambi"
"1597","STIE Nu Trate"
"1598","STIE Pariwisata Indonesia"
"1599","STIE Sakti Alam Kerinci"
"1600","STIE Sebelas April"
"1601","STIE Sultan Agung"
"1602","STIE Sumbar"
"1603","STIE Tri Dharma Nusantara"
"1604","STIE Trinitas Sorong"
"1605","STIE Trisakti"
"1606","Sekolah Tinggi Ilmu Komputer PGRI Banyuwangi"
"1607","STIKES Al Irsyad Al Islamiyyah"
"1608","STIKES Avicenna"
"1609","STIKES Banyuwangi"
"1610","STIKES Insan Cendekia Husada Bojonegoro"
"1611","STIKES Pasapua Ambon"
"1612","Sekolah Tinggi Ilmu Sosial dan Ilmu Politik Kartika Bangsa"
"1613","Sekolah Tinggi Ilmu Sosial dan Ilmu Politik Muhammadiyah Sinjai"
"1614","Sekolah Tinggi Ilmu Sosial Politik Wira Bhakti"
"1615","Sekolah Tinggi Ilmu Syari'ah Al‐Hilal Sigli"
"1616","Sekolah Tinggi Keguruan dan Ilmu Pendidikan Hatta Sjahrir Banda Naira"
"1617","Sekolah Tinggi Keguruan dan Ilmu Pendidikan Insan Madani Airmolek"
"1618","STKIP Pelita Pratama"
"1619","STMIK Bandung Bali"
"1620","STMIK Pontianak"
"1621","Sekolah Tinggi Teknik Iskandar Thani"
"1622","Sekolah Tinggi Teknologi Informatika Sony Sugema"
"1623","STIA Lppn"
"1624","STIE Jaya Negara"
"1625","STIKES Darussalam Lhokseumawe"
"1626","STIKES Hakli"
"1627","STIKES Stella Maris Makassar"
"1628","STIMIK Lamappapoleonro"
"1629","STISIP Padang"
"1630","STISIP Pancasakti"
"1631","STISIP Petta Baringeng Soppeng"
"1632","STKIP Al Hikmah Surabaya"
"1633","STKIP Al Maksum"
"1634","STKIP Babunnajah Pandeglang"
"1635","STKIP Hunimua"
"1636","STKIP Invada Cirebon"
"1637","STKIP Nusa Bunga florestimurta"
"1638","STKIP Purnama"
"1639","STKIP Qamarul Huda"
"1640","STMIK Adhi Guna"
"1641","STMIK AKBA"
"1642","STMIK Budi Darma"
"1643","STMIK Inti Indonesia"
"1644","STMIK Kristen Neumann Indonesia"
"1645","STMIK Likmi"
"1646","STMIK Masa Depan"
"1647","STMIK Satyagama"
"1648","STMIK Surya Intan"
"1649","STMIK Swadharma"
"1650","STMIK Widuri"
"1651","Universitas Atma Jaya Yogyakarta"
"1652","Universitas Airlangga"
"1653","Universitas Al‐azhar Indonesia"
"1654","Universitas Dayanu Ikhsanuddin"
"1655","Universitas Islam Raden Rahmat"
"1656","Universitas Islam Sumatera Utara"
"1657","Universitas Lampung"
"1658","Universitas Mataram"
"1659","Universitas Muhammadiyah Sukabumi"
"1660","Universitas Nahdlatul Ulama Sulawesi Tenggara"
"1661","Universitas Pandanaran"
"1662","Universitas Prima Indonesia"
"1663","Universitas Veteran Bangun Nusantara"
"1664","Akademi Akuntansi Borobudur"
"1665","Akademi Akuntansi Lampung"
"1666","Akademi Akuntansi YKPN"
"1667","Akademi Bahasa Asing Bina Insan Indonesia"
"1668","Akademi Bahasa Asing Dian Cipta Cendikia"
"1669","Akademi Bahasa Asing Dian Cipta Cendikia Kotabumi"
"1670","Akademi Bahasa Asing Saint Mary"
"1671","Akademi Bahasa Asing Sinema Yogyakarta"
"1672","Akademi Bahasa Asing UMI Makassar"
"1673","Akademi Farmasi Al‐Fatah Bengkulu"
"1674","Akademi Farmasi Bumi Siliwangi"
"1675","Akademi Farmasi Indah Deli Serdang"
"1676","Akademi Farmasi Indonesia Yogyakarta"
"1677","Akademi Farmasi Muhammadiyah Kabupaten Kuningan"
"1678","Akademi Gizi Andalusia"
"1679","Akademi Hiperkes Makassar"
"1680","Akademi Kebidanan Al‐Su'aibah Palembang"
"1681","Akademi Kebidanan Bina Husada Tebing Tinggi"
"1682","Akademi Kebidanan Bunda Auni Bogor"
"1683","Akademi Kebidanan Global Medika"
"1684","Akademi Kebidanan Keluarga Bunda Jambi"
"1685","Akademi Kebidanan Kharisma Husada Binjai"
"1686","Akademi Kebidanan Kutai Husada"
"1687","Akademi Kebidanan Pidie Jaya"
"1688","Akademi Kebidanan Reformasi"
"1689","Akademi Kebidanan Satu Enam Lima"
"1690","Akademi Kebidanan Surya Mandiri Kota Bima"
"1691","Akademi Kebidanan Tri Dharma Bandung"
"1692","Akademi Kebidanan Yaspen Tugu Ibu"
"1693","Akademi Kebidanan YYS Pendidikan Dr Rusdi Medan"
"1694","Akademi Keperawatan Abulyatama"
"1695","Akademi Keperawatan Al-Hambra Makassar"
"1696","Akademi Keperawatan Bas Balimbingan Pematang Siantar"
"1697","Akademi Keperawatan Batari Toja Watampone"
"1698","Akademi Keperawatan Berkala Widya Husada"
"1699","Akademi Keperawatan Bethesda Tomohon"
"1700","Akademi Keperawatan Bunda Delima"
"1701","Akademi Keperawatan Dharma Husada Pekanbaru"
"1702","Akademi Keperawatan HKBP Balige"
"1703","Akademi Keperawatan Islamic Village"
"1704","Akademi Keperawatan Jambi"
"1705","Akademi Keperawatan Kesdam IX Udayana"
"1706","Akademi Keperawatan Nazhatut Thullab Sampang"
"1707","Akademi Keperawatan Pragolopati"
"1708","Akademi Keperawatan Purna Bhakti Husada"
"1709","Akademi Keperawatan RS Husada"
"1710","Akademi Keperawatan Rumah Sakit Marthen Indey"
"1711","Akademi Keperawatan Saifuddin Zuhri"
"1712","Akademi Keperawatan Sari Mutiara Medan"
"1713","Akademi Keperawatan Sawerigading Pemda Luwu"
"1714","Akademi Keperawatan Serulingmas"
"1715","Akademi Keperawatan Yakpermas Banyumas"
"1716","Akademi Kesehatan Arga Husada"
"1717","Akademi Kesehatan Gigi Ditkesad Jakarta"
"1718","Akademi Kesehatan Gigi Karya Adi Husada Mataram"
"1719","Akademi Kesehatan Karya Husada Yogyakarta"
"1720","Akademi Kesehatan Yayasan Sapta Bakti Bengkulu"
"1721","Akademi Keuangan dan Perbankan Graha Arta Khatulistiwa"
"1722","Akademi Komputer Mall Cendikia"
"1723","Akademi Komunitas Diaspora Bung Karno Wamena"
"1724","Akademi Komunitas Manajemen Perhotelan Indonesia"
"1725","Akademi Komunitas Perkebunan Yogyakarta"
"1726","Akademi Komunitas Semen Indonesia"
"1727","Akademi Manajemen Administrasi Yogyakarta"
"1728","Akademi Maritim Ganesha Yogyakarta"
"1729","Akademi Maritim Indonesia Samarinda"
"1730","Akademi Pariwisata Air Madidi"
"1731","Akademi Pariwisata BSI Yogyakarta"
"1732","Akademi Pariwisata dan Perhotelan Ganesha"
"1733","Akademi Pariwisata Gsp Internasional"
"1734","Akademi Pariwisata Jakarta International Hotel"
"1735","Akademi Pariwisata Muhammadiyah Aceh"
"1736","Akademi Pariwisata Nasional Indonesia Bandung"
"1737","Akademi Pariwisata Nasional Jakarta"
"1738","Akademi Pariwisata NHI Bandung"
"1739","Akademi Pariwisata Paramitha Jakarta"
"1740","Akademi Pariwisata Taman Harapan"
"1741","Akademi Pariwisata Yasmi"
"1742","Akademi Pariwisata Yogyakarta"
"1743","Akademi Pekerjaan Sosial"
"1744","Akademi Pelayaran Nasional Surakarta"
"1745","Akademi Perawatan Karya Bakti Husada Yogyakarta"
"1746","Akademi Perdagangan Bandung"
"1747","Akademi Perikanan Ibrahimy"
"1748","Akademi Perikanan Kamasan Biak"
"1749","Akademi Pertanian PGRI Wonosobo"
"1750","Akademi Sekretari dan Manajemen Indonesia Jayapura"
"1751","Akademi Sekretari dan Manajemen Indonesia Surabaya"
"1752","Akademi Sekretari dan Manajemen Insulindo"
"1753","Akademi Sekretari dan Manajemen Mataram"
"1754","Akademi Sekretari dan Manajemen Santa Anna"
"1755","Akademi Sekretari Manajemen Amsir Pare-Pare"
"1756","Akademi Sekretari Widya Mandala Surabaya"
"1757","Akademi Teknik Elektro Medik"
"1758","Akademi Teknik Indonesia Cut Meutia"
"1759","Akademi Teknik Radiodiagnostik dan Radioterapi (ATRO)"
"1760","Akademi Teknik Radiodiagnostik dan Radioterapi Nusantara"
"1761","Akademi Teknik Wacana Manunggal Semarang"
"1762","Akademi Telekomunikasi Nusantara"
"1763","Akademi Terapi Wicara Jakarta"
"1764","Akd Teknik Radiodiag. dan Radioterapi Widya Dharma"
"1765","AKTEK Radiodiagnostik dan Radioterapi Patriot Bangsa"
"1766","AKTEK Radiodiagnostik dan Radioterapi Bali"
"1767","AMIK AKMI"
"1768","AMIK Dian Cipta Cendikia Pringsewu"
"1769","AMIK Purnama Niaga"
"1770","Institut Informatika Indonesia Surabaya"
"1771","Institut Keguruan dan Ilmu Pendidikan Budi Utomo"
"1772","Institut Keguruan dan Ilmu Pendidikan PGRI Bali"
"1773","Institut Keguruan dan Ilmu Pendidikan PGRI Madiun"
"1774","Institut Kesehatan Deli Husada Deli Tua"
"1775","Institut Sains dan Teknologi Pradita"
"1776","Institut Teknologi Harapan Bangsa"
"1777","Institut Teknologi Minaesa"
"1778","Politeknik Agroindustri"
"1779","Politeknik Amamapare"
"1780","Politeknik Ganesha"
"1781","Politeknik Gunakarya Indonesia Bekasi"
"1782","Politeknik Kediri"
"1783","Politeknik Kesehatan Kementerian Kesehatan Semarang"
"1784","Politeknik Nasional Denpasar"
"1785","Politeknik Pratama Mulia"
"1786","Politeknik Wilmar Bisnis Indonesia"
"1787","Sekolah Tinggi Agama Buddha Negeri Raden Wijaya"
"1788","Sekolah Tinggi Agama Islam Al Gazali Bulukumba"
"1789","Sekolah Tinggi Desain Interstudi"
"1790","Sekolah Tinggi Farmasi Indonesia Perintis Padang"
"1791","Sekolah Tinggi Filsafat Theologia Jaffray"
"1792","Sekolah Tinggi Ilmu Dakwah dan Komunikasi Islam Al‐Aziz Batam"
"1793","Sekolah Tinggi Ilmu Kesejahteraan Sosial Manado"
"1794","STIA Prima"
"1795","STIE Amkop Makassar"
"1796","STIE Dharma Negara"
"1797","STIE Eka Prasetya"
"1798","STIE Ekuitas"
"1799","STIE Graha Kirana"
"1800","STIE Ibnusina"
"1801","STIE Indonesia Surabaya"
"1802","STIE IPWI Jakarta"
"1803","STIE Kasih Bangsa"
"1804","STIE Kesumanegara"
"1805","STIE Lamappoleonro"
"1806","STIE LPI Makassar"
"1807","STIE Madani Balikpapan"
"1808","STIE Mitra Indonesia"
"1809","STIE Mulia Darma Pratama"
"1810","STIE Nasional Samarinda"
"1811","STIE Swasta Mandiri"
"1812","STIE Totalwin"
"1813","STIE Widya Manggala"
"1814","STIE Widya Praja Tanah Grogot"
"1815","STIE Y P Kampus"
"1816","STIE Yadika Bangil"
"1817","STIE Yapis Merauke"
"1818","STIE YBPK Palangka Raya"
"1819","STIEB Perdana Mandiri"
"1820","STIH Awang Long"
"1821","STIH Gunung Jati"
"1822","STIH Muhammadiyah Bima"
"1823","STIK Trinita Manado"
"1824","STIKES Baramuli"
"1825","STIKES Mamba ul Ulum Surakarta"
"1826","STIKES Medika Teuku Umar"
"1827","STIKES Medistra Indonesia"
"1828","STIKES Nurul Hasanah Kutacane"
"1829","STIKES Santa Elisabeth Medan"
"1830","STIKES Yarsi Pontianak"
"1831","STIKES Yarsi Sumatera Barat"
"1832","Sekolah Tinggi Ilmu Manajemen Indonesia YAPMI"
"1833","Sekolah Tinggi Ilmu Manajemen Informatika dan Teknik Komputer Agamua Wamena Papua"
"1834","Sekolah Tinggi Ilmu Manajemen Lpmi"
"1835","Sekolah Tinggi Ilmu Manajemen Pase"
"1836","Sekolah Tinggi Ilmu Manajemen YKPN"
"1837","Sekolah Tinggi Ilmu Pendidikan Bunga Bangsa"
"1838","Sekolah Tinggi Ilmu Pertanian Farming"
"1839","Sekolah Tinggi Ilmu Pertanian Kendari"
"1840","Sekolah Tinggi Ilmu Pertanian Mujahidin Toli-toli-Toli-toli"
"1841","Sekolah Tinggi Ilmu Pertanian Surya Dharma"
"1842","Sekolah Tinggi Keguruan dan Ilmu Pendidikan Muhammadiyah Bulukumba"
"1843","STKIP Pesisir Selatan"
"1844","Sekolah Tinggi Manajemen Taman Pendidikan 45"
"1845","Sekolah Tinggi Pariwisata Ambarrukmo"
"1846","Sekolah Tinggi Pariwisata Bali Internasional, Denpasar"
"1847","Sekolah Tinggi Pariwisata Satya Widya"
"1848","Sekolah Tinggi Pariwisata Triatma Jaya"
"1849","Sekolah Tinggi Pembangunan Masyarakat Santa Ursula"
"1850","Sekolah Tinggi Teknologi Industri dan Farmasi Bogor"
"1851","Sekolah Tinggi Penyuluhan Pertanian Magelang"
"1852","Sekolah Tinggi Penyuluhan Pertanian Medan"
"1853","Sekolah Tinggi Seni Musik Bandung"
"1854","Sekolah Tinggi Teknik Karawang"
"1855","Sekolah Tinggi Teknologi Indragiri"
"1856","Sekolah Tinggi Teknologi Pelalawan"
"1857","Sekolah Tinggi Teknologi Ronggolawe"
"1858","Sekolah Tinggi Teologi Internasional Harvest Semarang"
"1859","STIE Lembah Dempo"
"1860","STIE Musi"
"1861","STIE STEMBI"
"1862","STIE YKPN"
"1863","STIKES (STIKES) Lenggogeni Padang"
"1864","STIKES Aisyiyah Palembang"
"1865","STIKES Dharma Husada"
"1866","STIKES Muhammadiyah Cirebon"
"1867","STIKES Panti Rapih Yogyakarta"
"1868","STIKES Surabaya"
"1869","STIMIK Bina Bangsa"
"1870","STISIPOL Pahlawan 12"
"1871","STKIP Hamzar"
"1872","STKIP Pasundan"
"1873","STKIP Pembangunan Indonesia"
"1874","STMIK Antar Bangsa"
"1875","STMIK Indonesia Banda Aceh"
"1876","STMIK Nusa Mandiri Jakarta"
"1877","STMIK Parna Raya"
"1878","STMIK Primakara"
"1879","STMIK Raharja"
"1880","STMIK Tasikmalaya"
"1881","STMIK Tunas Bangsa"
"1882","Universitas Abdurrab"
"1883","Universitas Aisyiyah Yogyakarta"
"1884","Universitas Amikom Yogyakarta"
"1885","Universitas Balikpapan"
"1886","Universitas Bina Darma"
"1887","Universitas Darma Persada"
"1888","Universitas Galuh Ciamis"
"1889","Universitas Gresik"
"1890","Universitas Islam Darul 'Ulum"
"1891","Universitas Jabal Ghafur"
"1892","Universitas Katolik Darma Cendika"
"1893","Universitas Kristen Surakarta"
"1894","Universitas Mercu Buana Yogyakarta"
"1895","Universitas Muhammadiyah Purwokerto"
"1896","Universitas Multimedia Nusantara"
"1897","Universitas Panca Marga"
"1898","Universitas Quality"
"1899","Universitas Serambi Mekkah"
"1900","Universitas Siliwangi"
"1901","Universitas Sumatera Utara"
"1902","Universitas Tadulako"
"1903","Universitas Teknologi Sulawesi"
"1904","Universitas Tompotika Luwuk Banggai"
"1905","Universitas Wijaya Putra"
"1906","Universitas Yudharta Pasuruan"
"1907","Akademi Akuntansi Bandung"
"1908","Akademi Akuntansi Bina Insani"
"1909","Akademi Bahasa Asing New Media"
"1910","Akademi Farmasi Bina Husada Kendari"
"1911","Akademi Farmasi IKIFA"
"1912","Akademi Fisioterapi Muhammadiyah Aceh"
"1913","Akademi Fisioterapi Widya Husada"
"1914","Akademi Kebidanan Abdi Persada Banjarmasin"
"1915","Akademi Kebidanan Al-Ikhlas Cisarua"
"1916","Akademi Kebidanan An-Nur Husada Walisongo"
"1917","Akademi Kebidanan As-Syifa Kisaran"
"1918","Akademi Kebidanan Bakti Indonesia Bogor"
"1919","Akademi Kebidanan Bandung"
"1920","Akademi Kebidanan Baruna Husada Sibuhuan"
"1921","Akademi Kebidanan Bhakti Nusantara Salatiga"
"1922","Akademi Kebidanan Bhakti Purna Husada Serang"
"1923","Akademi Kebidanan Bhakti Putra Bangsa Purworejo"
"1924","Akademi Kebidanan Bhinneka Jakarta Satu"
"1925","Akademi Kebidanan Bogor Husada"
"1926","Akademi Kebidanan Budi Mulia Kotabaru"
"1927","Akademi Kebidanan Bunga Husada"
"1928","Akademi Kebidanan Darmais Padangsidimpuan"
"1929","Akademi Kebidanan Darmo Medan"
"1930","Akademi Kebidanan Darussalam"
"1931","Akademi Kebidanan Dr Soebandi"
"1932","Akademi Kebidanan Graha Husada Sampang"
"1933","Akademi Kebidanan Hafshawty Zainul Hasan Genggong"
"1934","Akademi Kebidanan Kartini Jakarta"
"1935","Akademi Kebidanan Konawe"
"1936","Akademi Kebidanan Manna"
"1937","Akademi Kebidanan Menara Primadani Soppeng"
"1938","Akademi Kebidanan PGRI Kediri"
"1939","Akademi Kebidanan Respati"
"1940","Akademi Kebidanan Sari Mulia"
"1941","Akademi Kebidanan Sempena Negeri Pekanbaru"
"1942","Akademi Kebidanan Sismadi"
"1943","Akademi Kebidanan Sukawati Lawang"
"1944","Akademi Kebidanan Takasima Kabanjahe"
"1945","Akademi Kebidanan Ummi Khasanah"
"1946","Akademi Kebidanan Widya Husada"
"1947","Akademi Kebidanan Widya Karsa Jayakarta"
"1948","Akademi Kebidanan Yayasan Husada Madani"
"1949","Akademi Kelautan Banyuwangi"
"1950","Akademi Keperawatan Al-Hikmah Brebes"
"1951","Akademi Keperawatan Bala Keselamatan"
"1952","Akademi Keperawatan Darmo Medan"
"1953","Akademi Keperawatan Deli Husada Delitua Medan"
"1954","Akademi Keperawatan Dharma Husada Cirebon"
"1955","Akademi Keperawatan Dirgahayu Samarinda"
"1956","Akademi Keperawatan Garuda Putih Jambi"
"1957","Akademi Keperawatan Kesdam I/Bukit Barisan Binjai"
"1958","Akademi Keperawatan Kesdam IV/Diponegoro"
"1959","Akademi Keperawatan Pangkalpinang"
"1960","Akademi Keperawatan Rumah Sakit Tk. II Pelamonia"
"1961","Akademi Keperawatan Rumkit Tingkat III Manado"
"1962","Akademi Keperawatan Sumber Waras"
"1963","Akademi Kesehatan Lingkungan Jabal Ghafur"
"1964","Akademi Kimia Industri Santo Paulus Semarang"
"1965","Akademi Manajemen Banda Aceh"
"1966","Akademi Manajemen Bumi Sebalo Bengkayang"
"1967","AMIK Multicom"
"1968","AMIK Itmi"
"1969","AMIK Mdp"
"1970","AMIK Royal"
"1971","Akademi Maritim Djadajat"
"1972","Akademi Maritim Pembangunan Jakarta"
"1973","Akademi Pariwisata Bunda Mulia"
"1974","Akademi Pariwisata dan Perhotelan Darma Agung"
"1975","Akademi Pariwisata Engku Putri Hamidah"
"1976","Akademi Pariwisata Indonesia"
"1977","Akademi Pariwisata Kupang"
"1978","Akademi Pariwisata Siliwangi"
"1979","Akademi Pariwisata Stipary"
"1980","Akademi Pariwisata Widya Dharma"
"1981","Akademi Pelayaran Niaga Indonesia Semarang"
"1982","Akademi Pendidikan Kesehatan Talitakum"
"1983","Akademi Perekam dan Informasi Kesehatan Iris"
"1984","Akademi Perikanan Yogyakarta"
"1985","Akademi Perniagaan dan Perusahaan APIPSU Medan"
"1986","Akademi Pertanian Hkti Banyumas"
"1987","Akademi Refraksi Optisi Surabaya"
"1988","Akademi Refraksi Optisi YLPTK SB"
"1989","Akademi Sekretari dan Manajemen Desanta"
"1990","Akademi Sekretari dan Manajemen Sriwijaya"
"1991","Akademi Sekretari dan Manajemen Tunas Harapan"
"1992","Akademi Sekretari Interstudi"
"1993","Akademi Sekretari Manajemen Indonesia Publik"
"1994","Akademi Sekretari Manajemen Maria Goreti"
"1995","Akademi Sekretari Manajemen Nusantara"
"1996","Akademi Sekretari Triguna"
"1997","Akademi Teknik dan Keselamatan Penerbangan Medan"
"1998","Akademi Teknik Elektro Medik Binalita Sudama"
"1999","Akademi Teknik Kupang"
"2000","Akademi Teknologi Bank Darah Surakarta"
"2001","AKBID Wira Husada Nusantara"
"2002","AKTEK Radiodiagnostik dan Radioterapi Muhammadiyah"
"2003","AKTEK Radiodiagnostik dan Terapi Citra Intan Persada"
"2004","AMIK Cipta Darma"
"2005","AMIK Datuk Parpatiah Nan Sabatang"
"2006","AMIK Depati Parbo Kerinci"
"2007","AMIK Dian Cipta Cendikia"
"2008","AMIK Harapan Bangsa Surakarta"
"2009","AMIK Jabal Ghafur"
"2011","AMIK Labuhan Batu"
"2012","AMIK Makassar"
"2013","AMIK Medan Business Polytechnic"
"2014","AMIK Sultan Agung"
"2015","AMIK Wira Nusantara"
"2016","ASM Widya Mandala Madiun"
"2017","ASMI Shita Palu"
"2018","IKIP Muhammadiyah Maumere"
"2019","Institut Agama Islam Az‐Zaytun Indonesia Indramayu"
"2020","Institut Agama Islam Darul Da'wah Wal Irsyad Polewali Mandar"
"2021","Institut Keguruan dan Ilmu Pendidikan PGRI Kalimantan Timur"
"2022","Institut Pertanian Intan"
"2023","Institut Seni Indonesia Padang Panjang"
"2024","Institut Seni Indonesia Surakarta"
"2025","Institut Studi Islam Fahmina"
"2026","Politeknik Al-Islam Bandung"
"2027","Politeknik Batulicin"
"2028","Politeknik Bisnis Indonesia"
"2029","Politeknik Bosowa"
"2030","Politeknik Gihon"
"2031","Politeknik Internasional Bali"
"2032","Politeknik ITdanB Medan"
"2033","Politeknik Karya Husada"
"2034","Politeknik Kelautan dan Perikanan Bitung"
"2035","Politeknik Kesehatan Siteba"
"2036","Politeknik Krakatau"
"2037","Politeknik Mitra Kusuma"
"2038","Politeknik Muhammadiyah Magelang"
"2039","Politeknik Muhammadiyah Pekalongan"
"2040","Politeknik Muhammadiyah Yogyakarta"
"2041","Politeknik Negeri Manado"
"2042","Politeknik Negeri Padang"
"2043","Politeknik Purbaya"
"2044","Politeknik Sakti Surabaya"
"2045","Politeknik Sinar Mas Berau Coal"
"2046","Politeknik Soca"
"2047","Politeknik Sukabumi"
"2048","Politeknik Surabaya"
"2049","Sekolah Agama Islam Rahmaniyah Sekayu"
"2050","Sekolah Tinggi Agama Islam Al ‐ Azhar Pekanbaru"
"2051","Sekolah Tinggi Agama Islam Al Falah As‐Sunniyah"
"2052","Sekolah Tinggi Agama Islam Al Hikmah Tuban"
"2053","Sekolah Tinggi Agama Islam Al‐Ma`arif Baradatu Way Kanan Lampung"
"2054","Sekolah Tinggi Bahasa Asing Sebelas April Sumedang"
"2055","Sekolah Tinggi Bahasa Asing Technocrat"
"2056","Sekolah Tinggi Bahasa Asing Widya Dharma Palembang"
"2057","Sekolah Tinggi Bahasa Harapan Bersama"
"2058","Sekolah Tinggi Bisnis dan Manajemen Dua Saudara"
"2059","Sekolah Tinggi Desain Indonesia"
"2060","Sekolah Tinggi Desain La Salle"
"2061","Sekolah Tinggi Farmasi YPIB Cirebon"
"2062","Sekolah Tinggi Filsafat Driyarkara"
"2063","Sekolah Tinggi Hukum Pasundan"
"2064","Sekolah Tinggi Ilmu Bahasa (STIBA) Hita Widya Singaraja"
"2065","Sekolah Tinggi Ilmu Bahasa dan Sastra Satya Widya"
"2066","Sekolah Tinggi Ilmu Keperawatan Muhammadiyah Pontianak"
"2067","Sekolah Tinggi Ilmu Keperawatan PPNI Jawa Barat"
"2068","Sekolah Tinggi Ilmu Komputer Al‐Khairiyah"
"2069","STIA Madani"
"2070","STIA Nasional"
"2071","STIA YPIAMI"
"2072","STIA YPPT Tasikmalaya"
"2073","STIE AKA"
"2074","STIE Al-Anwar"
"2075","STIE AMM"
"2076","STIE APRIN"
"2077","STIE Atma Bhakti Surakarta"
"2078","Sekolah Tinggi Ilmu Komputer Medan"
"2079","STIE Dharma Iswara Madiun"
"2080","STIE Dharma Putra Pekanbaru"
"2081","STIE Dwimulya"
"2082","STIE El Fatah Manado"
"2083","STIE Gempol"
"2084","STIE Gotong Royong"
"2085","STIE IBMT"
"2086","STIE IEU"
"2087","STIE Indonesia Banda Aceh"
"2088","STIE Indonesia Banjarmasin"
"2089","STIE Indonesia Medan"
"2090","STIE Indragiri"
"2091","STIE Jakarta International College"
"2092","STIE Kridatama Bandung"
"2093","STIE Lampung"
"2094","STIE Mahardhika"
"2095","STIE Miftahul Huda"
"2096","STIE Mitra Lampung"
"2097","STIE Muhammadiyah Kalianda"
"2098","STIE Nusantara Makassar"
"2099","STIE Pariwisata Internasional"
"2100","STIE PGRI Sukabumi"
"2101","STIE Prima Graha"
"2102","STIE Professional Manajemen College Indonesia"
"2103","STIE Riau"
"2104","STIE Samarinda"
"2105","STIE Satria"
"2106","STIE SBI"
"2107","STIE Serasan Muara Enim"
"2108","STIE Tunas Nusantara"
"2109","STIE Umel"
"2110","STIE Unisadhuguna"
"2111","STIE Wira Bhakti"
"2112","STIE Yapis"
"2113","STIE Yapman Majene"
"2114","STIE YPHB"
"2115","STIH Lamaddukelleng"
"2116","STIH Litigasi"
"2117","STIH Muhammadiyah Kisaran"
"2118","STIH Putri Maharaja"
"2119","STIH Umel Mandiri"
"2120","STIKES Andini Persada"
"2121","Sekolah Tinggi Ilmu Komunikasi ITKP"
"2122","STIKES Ceria Buana"
"2123","STIKES Dehasen"
"2124","STIKES Getsempena Lhoksukon"
"2125","STIKES Husada Jombang"
"2126","STIKES Indramayu"
"2127","STIKES Istara Nusantara"
"2128","STIKES Kuningan Garawangi"
"2129","STIKES Maranatha Kupang"
"2130","STIKES Mega Buana Palopo"
"2131","STIKES Muhammadiyah Gombong"
"2132","STIKES Telogorejo Semarang"
"2133","STIKES Tri Mandiri Sakti Bengkulu"
"2134","STIKES Widyagama Husada"
"2135","STIKESMAS Abdi Nusa"
"2136","STISIP Imam Bonjol"
"2137","Sekolah Tinggi Ilmu Manajemen Boalemo"
"2138","Sekolah Tinggi Ilmu Maritim Ami"
"2139","STKIP Mega Rezky"
"2140","STKIP Muhammadiyah Palopo"
"2141","STKIP Pangeran Antasari"
"2142","Sekolah Tinggi Pariwisata Bogor"
"2143","Sekolah Tinggi Multi Media ""MMTC"" Yogyakarta"
"2144","STMIK Jibes"
"2145","Sekolah Tinggi Pariwisata Trisakti"
"2146","Sekolah Tinggi Penyuluhan Pertanian Manokwari"
"2147","Sekolah Tinggi Perkebunan Lampung"
"2148","Sekolah Tinggi Pertanian Haji Agus Salim"
"2149","Sekolah Tinggi Teknik Multimedia Cendekia Abditama"
"2150","Sekolah Tinggi Teknik Wiworotomo"
"2151","Sekolah Tinggi Teknologi 10 November"
"2152","Sekolah Tinggi Teknologi Dr. KH. EZ Muttaqien, Purwakarta"
"2153","Sekolah Tinggi Teknologi Industri Padang"
"2154","Sekolah Tinggi Teknologi Informasi NIIT"
"2155","Sekolah Tinggi Teknologi Kelautan Balik Diwa"
"2156","Sekolah Tinggi Teknologi Payakumbuh"
"2157","Sekolah Tinggi Teknologi Pomosda"
"2158","Sekolah Tinggi Teknologi Sapta Taruna"
"2159","Sekolah Tinggi Teknologi Terpadu Nurul Fikri"
"2160","Sekolah Tinggi Teknologi YBS Internasional"
"2161","Sekolah Tinggi Telekomunikasi Telkom"
"2162","Sekolah Tinggi Teologi Baptis Indonesia"
"2163","Sekolah Tinggi Teologi Kristus Alfa Omega"
"2164","Sekolah Tinggi Teologi Lighthouse Equipping Theological School"
"2165","Sekolah Tinggi Teologi Marturia"
"2166","Sekolah Tinggi Teologi Pantekosta Poso"
"2167","STIE Prasetya Mandiri Lampung"
"2168","STIH Padang"
"2169","STIKES Bina Husada"
"2170","STIKES Majapahit"
"2171","STIKES Mercubaktijaya"
"2172","STIKES Muhammadiyah Ciamis"
"2173","STIKES Payung Negeri Aceh Darussalam"
"2174","STIKES Pekanbaru Medical Center"
"2175","STIKES Syedza Saintika"
"2176","STIKES Tarakanita"
"2177","STIKES Yapika Makassar"
"2178","STIMIK Tunas Bangsa Banjarnegara"
"2179","STIPSI Abdi Nusa"
"2180","STKIP Barus Tapanuli Tengah"
"2181","STKIP Citra Bina Nusantara"
"2182","STKIP Darud Da wah Wal Irsyad Pinrang"
"2183","STKIP Darussalam Cilacap"
"2184","STKIP Dharma Wacana"
"2185","STKIP Harapan Bima"
"2186","STKIP Hermon Timika"
"2187","STKIP Muhammadiyah Aceh Tengah"
"2188","STKIP Muhammadiyah Blora"
"2189","Universitas Djuanda"
"2190","STKIP PGRI Ponorogo"
"2191","STKIP Saumlaki"
"2192","STKIP Simbiosis"
"2193","STKIP Syekh Manshur"
"2194","STKIP Tomakaka Tiwikrama"
"2195","STKIP Usman Safri Kutacane"
"2196","STKIP Widya Yuwana"
"2197","STKIP Yasika"
"2198","STKIP YPM Bangko"
"2199","STMIK Amikom Purwokerto"
"2200","STMIK Asia Malang"
"2201","STMIK Bina Bangsa"
"2202","STMIK Bina Nusantara Jaya Lubuk Linggau"
"2203","STMIK Bina Patria"
"2204","STMIK Bina Sarana Global"
"2205","STMIK DCI"
"2206","STMIK Duta Bangsa"
"2207","STMIK Global Informatika Mdp"
"2208","STMIK IBBI"
"2209","STMIK Indragiri"
"2210","STMIK ITMI Medan"
"2211","STMIK Kadiri"
"2212","STMIK Kalirejo Lampung"
"2213","STMIK Kreatindo Manokwari"
"2214","STMIK Mardira Indonesia"
"2215","STMIK Mitra Lampung"
"2216","STMIK Muara Dua"
"2217","STMIK Musi Rawas"
"2218","STMIK Palangkaraya"
"2219","STMIK PPKIA Pradnya Paramita"
"2220","STMIK Pringsewu"
"2221","STMIK Putera Batam"
"2222","STMIK Royal"
"2223","STMIK Samarinda"
"2224","STMIK Sentra Pendidikan Bisnis"
"2225","STMIK Sisingamangaraja XII"
"2226","STMIK Syaikh Zainuddin NW"
"2227","STMIK Uyelindo Kupang"
"2228","STMIK Widya Cipta Dharma"
"2229","STMIK Widya Pratama"
"2230","STMIK WIT Cirebon"
"2231","Universitas 17 Agustus 1945 Banyuwangi"
"2232","Universitas 45 Makassar"
"2233","Universitas 45 Mataram"
"2234","Universitas Agung Podomoro"
"2235","Universitas Ahmad Dahlan"
"2236","Universitas Al Asyariah Mandar"
"2237","Universitas Al-azhar"
"2238","Universitas Asahan"
"2239","Universitas Bina Bangsa"
"2240","Universitas Darussalam Gontor"
"2241","Universitas Dehasen Bengkulu"
"2242","Universitas Dharmas Indonesia"
"2243","Universitas Doktor Nugroho Magetan"
"2244","Universitas Gadjah Mada"
"2245","Universitas Gajah Putih"
"2246","Universitas Gajayana"
"2247","Universitas Islam Kalimantan Muhammad Arsyad Al‐Banjary"
"2248","Universitas Jakarta"
"2249","Universitas Kader Bangsa"
"2250","Universitas Kristen Petra"
"2251","Universitas Mathla ul Anwar"
"2252","Universitas Muhammadiyah Gresik"
"2253","Universitas Muhammadiyah Lampung"
"2254","Universitas Muhammadiyah Luwuk Banggai"
"2255","Universitas Muhammadiyah Ponorogo"
"2256","Universitas Muhammadiyah Riau"
"2257","Universitas Muslim Nusantara al Wasliyah"
"2258","Universitas Nusa Cendana"
"2259","Universitas Panca Bhakti"
"2260","Universitas Pembangunan Nasional ""Veteran"" Yogyakarta"
"2261","Universitas PGRI Adi Buana"
"2262","Universitas Sanata Dharma"
"2263","Universitas Semarang"
"2264","Universitas Sultan Fatah"
"2265","Universitas Warmadewa"
"2266","Universitas Winaya Mukti"
"2267","Universitas WR Supratman"
"2268","Akademi Analis Farmasi dan Makanan Putra Indonesia Malang"
"2269","Akademi Analis Kesehatan Pekanbaru"
"2270","Akademi Bahasa Asing Widya Dharma"
"2271","Akademi Gizi Sinka Dharma Madani Singkawang"
"2272","Akademi Kebidanan Payung Pelalawan"
"2273","Akademi Keperawatan Pelni"
"2274","Akademi Keperawatan POLRI"
"2275","Akademi Ketalak Pelayaran Niagakeplb Kendari"
"2276","Akademi Keuangan dan Perbankan Padang"
"2277","Akademi Keuangan Perbankan Widya Buana"
"2278","Akademi Komunitas Multistrada"
"2279","Akademi Komunitas Presiden"
"2280","Akademi Komunitas Semen Indonesia Rembang"
"2281","Akademi Manajemen Bisnis Bina Darma Swakarya"
"2282","AMIK Dumai"
"2283","AMIK Garut"
"2284","AMIK Hass"
"2285","Akademi Maritim Maluku"
"2286","Akademi Maritim Suaka Bahari"
"2287","Akademi Pariwisata Indraprasta"
"2288","Akademi Pariwisata Jakarta"
"2289","Akademi Pariwisata Matoa"
"2290","Akademi Pariwisata Nasional Banjarmasin"
"2291","Akademi Perawatan RS PGI Cikini"
"2292","Akademi Perekam Medik dan Informatika Kesehatan Citra Medika"
"2293","Akademi Perikanan dan Ilmu Kelautan"
"2294","Akademi Refraksi Optisi Kartika Indera Persada"
"2295","Akademi Sekretari dan Manajemen Bina Insani"
"2296","Akademi Sekretari dan Manajemen BSI Bandung"
"2297","Akademi Sekretari Manajemen Atmajaya Makassar"
"2298","Akademi Teknik Informatika Tunas Bangsa"
"2299","Akademi Teknologi Industri Immanuel"
"2300","Akademi Teknologi Warga Surakarta"
"2301","AKAFARMA Putra Indonesia Lampung"
"2302","AMIK Lamappapoleonro Soppeng"
"2303","Institut Agama Islam Negeri Ambon"
"2304","Institut Agama Islam Negeri Mataram"
"2305","Institut Teknologi Batam"
"2306","Institut Teknologi dan Bisnis Kalbis"
"2308","Politeknik Darusalam"
"2309","Politeknik Kridatama Bandung"
"2310","Politeknik Maritim AMI Makassar"
"2311","Politeknik Negeri Balikpapan"
"2312","Politeknik Unisma Malang"
"2313","STIA Denpasar"
"2314","STIE Eben Haezer Manado"
"2315","STIE Lantim Way Jepara"
"2316","STIE Nobel Indonesia"
"2317","STIE Pontianak"
"2318","STIE Triatma Mulya"
"2319","STIH Manokwari"
"2320","STIKES Bhakti Mandala Husada Slawi"
"2321","STIKES Darmais Padangsidimpuan"
"2322","STIKES Mega Rezky"
"2323","STIKES Muhammadiyah Lhokseumawe"
"2324","STIKES Satria Bhakti Nganjuk"
"2325","STISIP 17-8-1945 Makassar"
"2326","Sekolah Tinggi Ilmu Pertanian Muhammadiyah Tanah Grogot"
"2327","Sekolah Tinggi Teknik Surabaya"
"2328","Sekolah Tinggi Teknologi Adisutjipto"
"2329","STIKES Bina Cipta Husada"
"2330","STIKES Karya Husada Kediri"
"2331","STISIP Merdeka Manado"
"2332","STISIP Silas Papare Jayapura"
"2333","STMIK Mahakarya"
"2334","STMIK Pasim Sukabumi"
"2335","Universitas Borneo Tarakan"
"2336","Universitas Budi Luhur"
"2337","Universitas Bung Hatta"
"2338","Universitas Islam Makassar"
"2339","Universitas Merdeka Ponorogo"
"2340","Universitas Pelita Harapan"
"2341","Akademi Akuntansi Indonesia Padang"
"2342","Akademi Akuntansi Nasional"
"2343","Akademi Analis Kesehatan Borneo Lestari Banjarbaru"
"2344","Akademi Analis Kesehatan Theresiana"
"2345","Akademi Bahasa Asing Balikpapan"
"2346","Akademi Bahasa Asing Netaiken Wamena"
"2347","Akademi Bahasa Asing Santa Mary Ende"
"2348","Akademi Bahasa Asing Santa Ursula"
"2349","Akademi Bakti Kemanusiaan Palang Merah Indonesia"
"2350","Akademi Farmasi Al-Ishlah Cilegon"
"2351","Akademi Farmasi Bhumi Husada"
"2352","Akademi Farmasi Mitra Sehat Mandiri Sidoarjo"
"2353","Akademi Farmasi Ranah Minang"
"2354","Akademi Farmasi Yannas Husada"
"2355","Akademi Gizi Karya Husada Kediri"
"2356","Akademi Kebidanan Adila"
"2357","Akademi Kebidanan Ar‐Rum Salatiga"
"2358","Akademi Kebidanan Banua Bina Husada"
"2359","Akademi Kebidanan Bina Daya Husada"
"2360","Akademi Kebidanan Bina Husada"
"2361","Akademi Kebidanan Bina Husada Tangerang"
"2362","Akademi Kebidanan Dehasen Bengkulu"
"2363","Akademi Kebidanan Gema Nusantara Bekasi"
"2364","Akademi Kebidanan Giri Satria Husada"
"2365","Akademi Kebidanan Graha Mandiri Cilacap"
"2366","Akademi Kebidanan Haji Amirullah"
"2367","Akademi Kebidanan Helvetia Pekanbaru"
"2368","Akademi Kebidanan Kartika Mitra Husada"
"2369","Akademi Kebidanan KH Putra"
"2370","Akademi Kebidanan Langkat"
"2371","Akademi Kebidanan Makariwo"
"2372","Akademi Kebidanan Medika Anugerah Tasya"
"2373","Akademi Kebidanan Nusantara Indonesia Lubuklinggau"
"2374","Akademi Kebidanan Pemenang"
"2375","Akademi Kebidanan Public Health Medical Nursing"
"2376","Akademi Kebidanan Syahida Komunika"
"2377","Akademi Kebidanan Syekh Yusuf Gowa"
"2378","Akademi Kebidanan Yaleka Maro Merauke"
"2379","Akademi Kebidanan YPSDMI"
"2380","Akademi Keperawatan Adi Husada"
"2381","Akademi Keperawatan Al Ma Arif"
"2382","Akademi Keperawatan Baiturrahmah"
"2383","Akademi Keperawatan Baramuli Airmadidi"
"2384","Akademi Keperawatan Keris Husada"
"2385","Akademi Keperawatan Kesdam Iskandar Muda Lhokseumawe"
"2386","Akademi Keperawatan Mandiri"
"2387","Akademi Keperawatan Metuari Waya Manado"
"2388","Akademi Keperawatan Panti Kosala Surakarta"
"2389","Akademi Keperawatan Patria Husada Surakarta"
"2390","Akademi Keperawatan Prima Jambi"
"2391","Akademi Keperawatan Reformasi"
"2392","Akademi Keperawatan RSP TNI‐AU Jakarta"
"2393","Akademi Keperawatan Totabuan Kotamobagu"
"2394","Akademi Keperawatan Yayasan Dharma Bhakti Jakarta"
"2395","Akademi Keperawatan YPDR"
"2396","Akademi Keperawatan YPSBR Muara Bulian"
"2397","Akademi Kesehatan Swakarsa Jakarta"
"2398","Akademi Keuangan dan Perbankan Riau"
"2399","Akademi Komunitas Dharma Bhakti Bangka"
"2400","Akademi Komunitas Favorit Samarinda"
"2401","Akademi Komunitas Toyota Indonesia"
"2402","AMIK Jaya Nusa"
"2403","AMIK Jombang"
"2404","Akademi Maritim Nasional Jaya"
"2405","Akademi Pariwisata Bhakti Nusantara"
"2406","Akademi Pariwisata Medan"
"2407","Akademi Pariwisata Paramitha Bukittinggi"
"2408","Akademi Perekam dan Informasi Kesehatan Sihat Beurata"
"2409","Akademi Perekam Medis dan Informatika Kesehatan Bhumi Husada"
"2410","Akademi Perekam Medis dan Informatika Kesehatan Widya Dharma"
"2411","Akademi Perpajakan Panca Bhakti"
"2412","Akademi Peternakan Brahma Putra"
"2413","Akademi Sekretari Budi Luhur"
"2414","Akademi Sekretari dan Manajemen Ariyanti"
"2415","Akademi Sekretari Marsudirini Santa Maria"
"2416","Akademi Teknik Deli Serdang"
"2417","Akademi Teknik Gigi Hang Tuah Jakarta"
"2418","Akademi Teknik Gigi YLPTK Padang"
"2419","Akademi Teknik Kendari"
"2420","Akademi Teknik Piri"
"2421","Akademi Teknologi Grafika Indonesia Jakarta"
"2422","Akademi Teknologi Industri Dewantara Palopo"
"2423","Akademik Teknik Otomotif Banda Aceh"
"2424","Akbid Gemilang Husada Kotabumi"
"2425","Akbid Harapan Mulya Ponorogo"
"2426","AKPER Tenaga Pembangunan Arjuna Laguboti"
"2427","AMIK BSI Jakarta"
"2428","AMIK Indonesia"
"2429","AMIK Laksi-31"
"2430","AMIK Master Lampung"
"2431","AMIK New Media"
"2432","AMIK Parnaraya Manado"
"2433","Institut Agama Islam Al‐Qolam"
"2434","Institut Agama Islam Hamzanwadi Pancor"
"2435","Politeknik Bina Budaya Cipta"
"2436","Politeknik Dharma Patria"
"2437","Politeknik Elektronika Negeri Surabaya"
"2438","Politeknik Enjinering Indorama"
"2439","Politeknik Gajah Sakti"
"2440","Politeknik Gorontalo"
"2441","Politeknik Indotec Kendari"
"2442","Politeknik Kesehatan Kemenkes Denpasar"
"2443","Politeknik Kotabaru"
"2444","Politeknik Negeri Bandung"
"2445","Politeknik Negeri Jember"
"2446","Politeknik Negeri Medan"
"2447","Politeknik Negeri Semarang"
"2448","Politeknik Negeri Tanah Laut"
"2449","Politeknik Swadharma"
"2450","Politeknik Tanjungbalai"
"2451","Politeknik TEDC"
"2452","Politeknik Teknologi Kimia Industri"
"2453","Politeknik Tunas Pemuda"
"2454","Sekolah Tinggi Manajemen Bisnis Multi Sarana Manajemen Administrasi dan Rekayasa Teknologi"
"2455","Sekolah Tinggi Agama Islam Al‐Aziziyah Samalanga"
"2456","Sekolah Tinggi Hukum Garut"
"2457","STIA Setih Setio"
"2458","STIE Balikpapan"
"2459","STIE Bentara Persada Batam"
"2460","STIE Boedi Oetomo"
"2461","STIE Bulungan Tarakan"
"2462","STIE Cendekia Bojonegoro"
"2463","STIE Dharma Bumi Putra"
"2464","STIE Gandhi"
"2465","STIE IBMI Medan"
"2466","STIE Port Numbay Jayapura"
"2467","STIE Surakarta"
"2468","STIE Tri Bhakti"
"2469","STIE Tridharma"
"2470","STIKES Wijaya Husada Bogor"
"2471","STIE Trisna Negara"
"2472","STIE Widya Manggalia"
"2473","STIE Widya Wiwaha"
"2474","STIE Wilwatikta"
"2475","STIE YAI"
"2476","STIH Al-hikmah"
"2477","STIH Bintuni"
"2478","STIKES Guna Bangsa Yogyakarta"
"2479","STIKES Ichsan Medical Centre Bintaro"
"2480","STIKES Indonesia Jaya"
"2481","STIKES Karya Putra Bangsa Tulungagung"
"2482","STIKES Mitra Kencana"
"2483","STIKES Pembina Palembang"
"2484","STIKES Rajawali"
"2485","STIP Graha Karya"
"2486","Sekolah Tinggi Ilmu Manajemen Gorontalo"
"2487","Sekolah Tinggi Ilmu Pertanian Yapi Bone"
"2488","Sekolah Tinggi Ilmu Sosial dan Ilmu Politik Mujahidin"
"2489","Sekolah Tinggi Manajemen Transportasi Malahayati"
"2490","Sekolah Tinggi Teknologi Indonesia Tanjung Pinang"
"2491","Sekolah Tinggi Teologi Aletheia"
"2492","STIA Langgur"
"2493","STIE Panca Bhakti Palu"
"2494","STIKES Deli Husada"
"2495","STIKES Indonesia Maju"
"2496","STIKES Maharani"
"2497","STIKES Mitra Bunda Persada Batam"
"2498","STIKES Muhammadiyah Sidrap"
"2499","STIKES Pemkab Jombang"
"2500","STIKES Salsabila Serang"
"2501","STIKES Surya Mitra Husada"
"2502","STIMIK Jayabaya Jakarta"
"2503","STITEK Bina Taruna"
"2504","STKIP Abdi Wacana Wamena"
"2505","STKIP Nias Selatan"
"2506","STKIP Persatuan Islam"
"2507","STKIP PGRI Ngawi"
"2508","STKIP Sinar Pancasila"
"2509","STMIK Dumai"
"2510","STMIK Eresha"
"2511","STMIK Hasan Sulur Wonomulyo"
"2512","STMIK Islam Internasional"
"2513","STMIK LPKIA Bandung"
"2514","STMIK MIC Cikarang"
"2515","STMIK Tidore Mandiri"
"2516","Universitas Andi Djemma"
"2517","Universitas Antakusuma"
"2519","Universitas Baiturrahmah"
"2520","Universitas Borobudur"
"2521","Universitas Fajar"
"2522","Universitas Kebangsaan"
"2523","Universitas Muhammadiyah Maluku Utara"
"2524","Universitas Muslim Indonesia"
"2525","Universitas Palembang"
"2526","Universitas Paramadina"
"2527","Universitas Pembangunan Jaya"
"2528","Universitas Persatuan Guru 1945 NTT"
"2529","Universitas Putra Indonesia Yptk Padang"
"2530","Universitas Selamat Sri"
"2531","Universitas Tridharma"
"2532","Universitas Trunajaya"
"2533","Universitas Widya Kartika"
"2534","Universitas Wijaya Kusuma Surabaya"
"2535","Akademi Analis Kesehatan 17 Agustus 1945 Semarang"
"2536","Akademi Analis Kesehatan Kendari"
"2537","Akademi Analis Kesehatan Pekalongan"
"2538","Akademi Farmasi Prayoga Padang"
"2539","Akademi Farmasi Sandi Karsa"
"2540","Akademi Farmasi Toraja"
"2541","Akademi Farmasi YPF"
"2542","Akademi Ilmu Gizi YPAG Makassar"
"2543","Akademi Kebidanan Aisyiyah Serang"
"2544","Akademi Kebidanan Aru"
"2545","Akademi Kebidanan Bhakti Husada Cikarang"
"2546","Akademi Kebidanan Bina Sejahtera Rantepao"
"2547","Akademi Kebidanan Budi Mulia Prabumulih"
"2548","Akademi Kebidanan Dian Harapan Mamasa"
"2549","Akademi Kebidanan Dulang Mas"
"2550","Akademi Kebidanan Gayo Lues"
"2551","Akademi Kebidanan Griya Husada"
"2552","Akademi Kebidanan Hampar Baiduri"
"2553","Akademi Kebidanan Medica Obgin"
"2554","Akademi Kebidanan Mitra Sehat Sidoarjo"
"2555","Akademi Kebidanan Munawarrah Bireuen"
"2556","Akademi Kebidanan Namira Madina Panyabungan"
"2557","Akademi Kebidanan Palu Sulawesi Tengah"
"2558","Akademi Kebidanan Pondok Pesantren Assanadiyah"
"2559","Akademi Kebidanan Prima Husada"
"2560","Akademi Kebidanan Putra Jaya Mandiri Batam"
"2561","Akademi Kebidanan Sayid Sabiq Indramayu"
"2562","Akademi Kebidanan Yapma Makassar"
"2563","Akademi Kebidanan Yayasan Rumah Sakit Jakarta"
"2564","Akademi Keperawatan Arta Kaban Jahe"
"2565","Akademi Keperawatan Bhakti Husada Cikarang"
"2566","Akademi Keperawatan Giri Satria Husada"
"2567","Akademi Keperawatan Hang Tuah Jakarta"
"2568","Akademi Keperawatan Kesdam VI/Tanjung Pura"
"2569","Akademi Keperawatan Pasar Rebo Jakarta"
"2570","Akademi Keperawatan RS Dustira"
"2571","Akademi Keperawatan Yayasan Jalan Kimia"
"2572","Akademi Kesehatan Sapta Bakti Bengkulu"
"2573","Akademi Manajemen Indonesia Semarang"
"2574","AMIK Bogor"
"2575","AMIK YPAT"
"2576","Akademi Maritim Bina Bahari"
"2577","Akademi Maritim Indonesia Bitung"
"2578","Akademi Maritim Indonesia Medan"
"2579","Akademi Pariwisata Denpasar"
"2580","Akademi Pariwisata Nusantara Medan"
"2581","Akademi Pariwisata Saint Mary"
"2582","Akademi Refraksi Optisi Binalita Sudama"
"2583","Akademi Sekretari dan Manajemen Kencana Bandung"
"2584","Akademi Sekretari Manajemen Indonesia Pontianak"
"2585","Institut Pertanian Bogor"
"2586","Institut Agama Islam Negeri Antasari Banjarmasin"
"2587","Institut Agama Islam Negeri Jember"
"2588","Institut Keguruan dan Ilmu Pendidikan Widya Darma"
"2589","Institut Teknologi Budi Utomo"
"2590","Politeknik AMI Makassar"
"2591","Politeknik Bina Husada Kendari"
"2592","Politeknik Ilmu Pelayaran Balikpapan"
"2593","Politeknik Kesehatan Permata Indonesia Yogyakarta"
"2594","Politeknik Santo Thomas"
"2595","Politeknik Tugu Jakarta"
"2596","Sekolah Tinggi Agama Buddha Nalanda"
"2597","Sekolah Tinggi Bahasa Asing Yapari"
"2598","Sekolah Tinggi Elektronika dan Komputer Pat"
"2599","Sekolah Tinggi Ilmu Farmasi Yayasan Pharmasi"
"2600","STIA Mandala Indonesia"
"2601","STIBA Nusa Mandiri"
"2602","STIBA Satya Widya"
"2603","Sekolah Tinggi Ilmu Komputer Muhammadiyah Batam"
"2604","STIE Bima"
"2605","STIE Cakrawala"
"2606","STIE Harapan Bangsa"
"2607","STIE Informasi Teknologi dan Bisnis"
"2608","STIE Jayakusuma"
"2609","STIE Karya"
"2610","STIE KBP"
"2611","STIE Malangkucecwara"
"2612","STIE Manajemen Rutu Nusa"
"2613","STIE Mandala"
"2614","STIE Mars"
"2615","STIE Nagoya Indonesia"
"2616","STIE Pariwisata"
"2617","STIE Pembangunan Indonesia"
"2618","STIE Santa Ursula"
"2619","STIE YPUP Makassar"
"2620","STIH Cokroaminoto"
"2621","STIH Graha Kirana"
"2622","STIH Habaring Hurung Sampit"
"2623","STIKES Abdi Nusa"
"2624","STIKES Bali"
"2625","STIKES Bina Putra Banjar"
"2626","STIKES Lakipada Tana Toraja"
"2627","STIKES Mitra Lampung"
"2628","STIKES Respati"
"2629","STIPSI Widya Dharma"
"2630","Sekolah Tinggi Ilmu Psikologi Harapan Bangsa"
"2631","Sekolah Tinggi Teknologi Angkatan Laut"
"2632","Sekolah Tinggi Teknologi Bandung"
"2633","Sekolah Tinggi Teknologi Cipasung"
"2634","Sekolah Tinggi Teknologi Duta Bangsa"
"2635","Sekolah Tinggi Teknologi Ilmu Komputer Insan Unggul"
"2636","Sekolah Tinggi Teknologi Immanuel"
"2637","Sekolah Tinggi Teknologi Kedirgantaraan"
"2638","Sekolah Tinggi Teknologi Mutu Muhammadiyah"
"2639","Sekolah Tinggi Teologi Injili Indonesia Bali"
"2640","Sekolah Tinggi Teologi Kanaan Nusantara"
"2641","STIE Cirebon"
"2642","STIKES Bina Permata Medika"
"2643","STIKES Buana Husada Ponorogo"
"2644","STIKES Darul Azhar Batulicin"
"2645","STIKES Delima Persada Gresik"
"2646","STIKES Faletehan"
"2647","STIKES Gema Insan Akademik"
"2648","STIKES Husada Borneo"
"2649","STIKES Hutama Abdi Husada Tulungagung"
"2650","STIKES Ibnu Sina Batam"
"2651","STIKES IST Buton"
"2652","STIKES Karya Husada Semarang"
"2653","STIKES Madani Yogyakarta"
"2654","STIKES Mitra Husada Medan"
"2655","STIKES Mitra Keluarga"
"2656","STIKES Payung Negeri"
"2657","STIKES Widya Husada"
"2658","STIKES Wiyata Husada Samarinda"
"2659","STISIP Margarana"
"2660","STISIP Setia Budhi"
"2661","STKIP Bina Insan Mandiri"
"2662","STKIP Majenang"
"2663","STKIP Muhammadiyah Pagaralam"
"2664","STMIK AKI Pati"
"2665","STMIK Amik Bandung"
"2666","STMIK Amik Riau"
"2667","STMIK AMIKOM Yogyakarta"
"2668","STMIK AUB Surakarta"
"2669","STMIK CIC"
"2670","STMIK Handayani Makassar"
"2671","STMIK Jayakarta"
"2672","STMIK PGRI Tangerang"
"2673","STT Banua Niha Keriso Protestan Sundermann Nias"
"2674","Universitas Atma Jaya Makassar"
"2675","Universitas Bakti Indonesia"
"2676","Universitas Ibn Khaldun"
"2677","Universitas Dwijendra"
"2678","Universitas Hasanuddin"
"2679","Universitas Hindu Indonesia"
"2680","Universitas Islam 45 Bekasi"
"2681","Universitas Islam Negeri Sunan Gunung Djati Bandung"
"2682","Universitas Islam Sultan Agung"
"2683","Universitas Janabadra"
"2684","Universitas Kristen Indonesia Tomohon"
"2685","Universitas Lancang Kuning"
"2686","Universitas Maarif Hasyim Latif"
"2687","Universitas Mayjen Sungkono"
"2688","Universitas Merdeka Malang"
"2689","Universitas Muhammadiyah Metro"
"2690","Universitas Muhammadiyah Semarang"
"2691","Universitas Muhammadiyah Tasikmalaya"
"2692","Universitas Pamulang"
"2693","Universitas Pasifik Morotai"
"2694","Universitas Pattimura"
"2695","Universitas Pesantren Tinggi Darul ulum"
"2696","Universitas Sampoerna"
"2697","Universitas Sintuwu Maroso"
"2698","Universitas Sjakhyakirti"
"2699","Universitas Widyagama Mahakam Samarinda"
"2700","Akademi Administrasi Rumah Sakit Mataram"
"2701","Akademi Akuntansi Effendi Harahap"
"2702","Akademi Bahasa Asing Persada Bunda"
"2703","Akademi Bahasa Asing St Pignatelli"
"2704","Akademi Farmasi Tadulako Farma"
"2705","Akademi Farmasi Theresiana Semarang"
"2706","Akademi Kebidanan Harapan Mulya Ponorogo"
"2707","Akademi Kebidanan Sentra Bina Yudistira Tangerang"
"2708","Akademi Kebidanan Umi Bagan Batu"
"2709","Akademi Keperawatan Nabila"
"2710","Akademi Keperawatan Notokusumo"
"2711","Akademi Keperawatan Surya Nusantara"
"2712","Akademi Keperawatan Wirahusada Medan"
"2713","Akademi Komunikasi BSI Jakarta"
"2714","Akademi Komunikasi Indonesia YPK"
"2715","Akademi Manajemen Administrasi YPK Yogyakarta"
"2716","Akademi Manajemen Belitung"
"2717","AMIK Universal"
"2718","Akademi Pariwisata Mandala Bhakti"
"2719","Akademi Pariwisata Nusantara Jaya"
"2720","Akademi Perekam Medis dan Informatika Kesehatan Bandung"
"2721","Akademi Sekretari Manajemen Tanah Rencong"
"2722","Akademi Teknologi AUB"
"2723","AMIK Bumi Nusantara"
"2724","AMIK Widya Loka Medan"
"2725","Institut Agama Islam Negeri Imam Bonjol"
"2726","Institut Keguruan dan Teknologi Larantuka"
"2727","Institut Keguruan Ilmu Pendidikan Veteran Jawa Tengah"
"2728","Institut Pertanian Stiper"
"2729","Politeknik Jambi"
"2730","Politeknik Kesehatan Kemenkes Makassar"
"2731","Politeknik Negeri Lhokseumawe"
"2732","Politeknik NSC"
"2733","Politeknik YPPB Belitang"
"2734","Sekolah Tinggi Agama Islam Al‐Gazali Bone"
"2735","Sekolah Tinggi Bahasa Asing Yunisla Bandar Lampung"
"2736","Sekolah Tinggi Energi dan Mineral Akamigas Cepu"
"2737","Sekolah Tinggi Filsafat Teologi Widya Sasana"
"2738","Sekolah Tinggi Ilmu Al‐Qur'an Amuntai"
"2739","STIA Panglima Sudirman"
"2740","STIA Yappi Makassar"
"2741","STIBA Bumi Beringin"
"2742","Sekolah Tinggi Ilmu Komputer Dinamika Bangsa"
"2743","STIE Budi Pertiwi"
"2744","STIE Dharma Putra Semarang"
"2745","STIE Mah‐Eisa"
"2746","STIE Perbankan Indonesia"
"2747","STIE Sulawesi Utara"
"2748","STIH Jenderal Sudirman"
"2749","Sekolah Tinggi Ilmu Pertanian Dharma Wacana"
"2750","Sekolah Tinggi Ilmu Tarbiyah Kabupaten Tebo"
"2751","Sekolah Tinggi Ilmu Tarbiyah Muhammadiyah Banjar"
"2752","Sekolah Tinggi Keguruan dan Ilmu Pendidikan Hamzanwadi"
"2753","Sekolah Tinggi Keguruan dan Ilmu Pendidikan Muhammadiyah Barru"
"2754","Sekolah Tinggi Pariwisata Pelita Harapan"
"2755","Sekolah Tinggi Pariwisata Sahid Surakarta"
"2756","Sekolah Tinggi Penerbangan Aviasi"
"2757","Sekolah Tinggi Perpajakan Indonesia"
"2758","Sekolah Tinggi Pertanian Jawa Barat"
"2759","Sekolah Tinggi Teknologi Dumai"
"2760","STIE Anindyaguna"
"2761","STIE Dahani Dahanai Buntok"
"2762","STIKES Bataraguru Soroaka"
"2763","STIKES Halmahera"
"2764","STIKES Karsa Husada Garut"
"2765","STIKES Kendal"
"2766","STIKES Nahdlatul Ulama Tuban"
"2767","STIKES Santu Paulus manggarai"
"2768","STIKES Tanawali Takalar"
"2769","STIKES Wira Husada"
"2770","STISIP Yupentek Tangerang"
"2771","STISIPOL Raja Haji"
"2772","STKIP Bina Bangsa Getsempena"
"2773","STKIP Labuhan Batu"
"2774","STKIP Mutiara Banten"
"2775","STKIP Nuuwar"
"2776","STKIP Pamane Talino"
"2777","STKIP Paris Barantai"
"2778","STKIP PGRI Trenggalek"
"2779","STKIP Soe"
"2780","STKIP Suar Bangli"
"2781","STKIP Veteran Sidrap"
"2782","STMIK Atma Luhur"
"2783","STMIK Banjarbaru"
"2784","STMIK Bidakara"
"2785","STMIK Bina Insani"
"2786","STMIK Bina Mulia"
"2787","STMIK Catur Sakti Kendari"
"2788","STMIK Cikarang"
"2789","STMIK Ichsan"
"2790","STMIK Jaya Nusa"
"2791","STMIK Kharisma Karawang"
"2792","STMIK Profesional Makassar"
"2793","Universitas 17 Agustus 1945 Cirebon"
"2794","Universitas Advent Indonesia"
"2795","Universitas Batam"
"2796","Universitas Halu Oleo"
"2797","Universitas Indraprasta PGRI"
"2798","Universitas Islam Negeri Maulana Malik Ibrahim Malang"
"2799","Universitas Jenderal Soedirman"
"2800","Universitas Ma'arif Nahdlatul Ulama Kebumen"
"2801","Universitas Muhammadiyah Gorontalo"
"2802","Universitas Muhammadiyah Palu"
"2803","Universitas Nahdlatul Ulama Sidoarjo"
"2804","Universitas Panji Sakti Singaraja"
"2805","Universitas PGRI Palembang"
"2806","Universitas Serang Raya"
"2807","Universitas Swadaya Gunung Djati"
"2808","Universitas Teknologi Sulawesi Utara"
"2809","Universitas Yarsi"
"2810","Akademi Bahasa Asing Borobudur"
"2811","Akademi Enterpreneurship Terang Bangsa"
"2812","Akademi Farmasi Dwi Farma"
"2813","Akademi Farmasi Nusaputera Semarang"
"2814","Akademi Farmasi Surabaya"
"2815","Akademi Farmasi Yamasi Makassar"
"2816","Akademi Farmasi Yarsi Pontianak"
"2817","Akademi Farmasi Yayasan Tenaga Pembangunan Arjuna Laguboti"
"2818","Akademi Fisioterapi YAB Yogyakarta"
"2819","Akademi Industri Tekstil Bandung"
"2820","Akademi Informatika dan Komputer Medicom"
"2821","Akademi Kebidanan Al-Fathonah"
"2822","Akademi Kebidanan Ar-Rahma"
"2823","Akademi Kebidanan Banjarbaru"
"2824","Akademi Kebidanan Bunga Kalimantan"
"2825","Akademi Kebidanan Gunung Sari Makassar"
"2826","Akademi Kebidanan Jakarta Mitra Sejahtera"
"2827","Akademi Kebidanan Kesehatan Baru"
"2828","Akademi Kebidanan Madina Husada"
"2829","Akademi Kebidanan Medika Sri Tamiang"
"2830","Akademi Kebidanan Medistra Lubuk Pakam"
"2831","Akademi Kebidanan Muhammadiyah Banda Aceh"
"2832","Akademi Kebidanan Muhammadiyah Cirebon"
"2833","Akademi Kebidanan Muhammadiyah Madiun"
"2834","Akademi Kebidanan Pasaman Barat"
"2835","Akademi Kebidanan Pelita Andalas"
"2836","Akademi Kebidanan Pemkot Tebing Tinggi"
"2837","Akademi Kebidanan Persada Wajo"
"2838","Akademi Kebidanan Prima Sengkang"
"2839","Akademi Kebidanan Sakinah"
"2840","Akademi Kebidanan Sari Husada"
"2841","Akademi Kebidanan Senior"
"2842","Akademi Kebidanan Sumber Kasih Enrekang"
"2843","Akademi Kebidanan Tunas Harapan Bangsa"
"2844","Akademi Kebidanan Uniska"
"2845","Akademi Kebidanan Wijaya Husada"
"2846","Akademi Kebidanan YPDR"
"2847","Akademi Keperawatan Baitul Hikmah"
"2848","Akademi Keperawatan Bina Husada Tebing Tinggi"
"2849","Akademi Keperawatan Columbia Asia"
"2850","Akademi Keperawatan Harum"
"2851","Akademi Keperawatan Helvetia Medan"
"2852","Akademi Keperawatan Kesdam I/Bukit Barisan Pematang Siantar"
"2853","Akademi Keperawatan Kesdam Iskandar Muda Banda Aceh"
"2854","Akademi Keperawatan Maranatha Groups"
"2855","Akademi Keperawatan Muhammadiyah Cirebon"
"2856","Akademi Keperawatan Panca Bhakti"
"2857","Akademi Keperawatan Panti Rapih Yogyakarta"
"2858","Akademi Keperawatan RSU Herna"
"2859","Akademi Keperawatan Rumah Sakit Jakarta"
"2860","Akademi Keperawatan Sri Bunga Tanjung"
"2861","Akademi Keperawatan Syekh Yusuf Gowa"
"2862","Akademi Keperawatan Yapi"
"2863","Akademi Keperawatan Yaspen Jakarta"
"2864","Akademi Keperawatan Yatna Yuana Lebak"
"2865","Akademi Keperawatan YPPP Wonomulyo"
"2866","Akademi Keuangan dan Bank Mulia Darma Pratama"
"2867","Akademi Keuangan Perbankan Tahuna"
"2868","Akademi Komunitas Dewinatalia"
"2869","Akademi Komunitas Kosmetik Ristra"
"2870","Akademi Koperasi Indonesia Ratu Jelita"
"2871","Akademi Manajemen Keuangan BSI Jakarta"
"2872","Akademi Militer Magelang"
"2873","Akademi Pariwisata Eka Sakti"
"2874","Akademi Pariwisata Nusantara Tangerang"
"2875","Akademi Sekretaris dan Manajemen Persada Bunda"
"2876","Akademi Sekretaris Manajemen Indonesia Citra Nusantara"
"2877","Akademi Seni Mangkunegaran Surakarta"
"2878","Akademi Seni Rupa dan Desain ISWI Jakarta"
"2879","Akademi Statistika Muhammadiyah Semarang"
"2880","Akademi Teknik YKPN"
"2881","Akademi Teknologi Pringsewu"
"2882","Akdemi Kebidanan Kholisatur Rahmi"
"2883","AMIK BSI Sukabumi"
"2884","AMIK BSI Tegal"
"2885","AMIK Mapan Tangerang"
"2886","AMIK Pakarti Luhur"
"2887","AMIK Raharja Informatika"
"2888","AMIK Selat Panjang"
"2889","AMIK Tunas Bangsa"
"2890","AMIK Umel Mandiri"
"2891","Apikes Widya Dharma"
"2892","ATRO Yayasan Amal Bhakti Medan"
"2893","IKIP PGRI Jember"
"2894","IKIP PGRI Wates"
"2895","Institut Agama Islam Darul Ulum Kisaran"
"2896","Institut Agama Islam Negeri Ar‐Raniry"
"2897","Institut Teknologi Medan"
"2898","Politeknik ATMI"
"2899","Politeknik Ganesa Guru"
"2900","Politeknik Global Indonesia"
"2901","Politeknik Hasnur"
"2902","Politeknik Kelapa Sawit Citra Widya Edukasi"
"2903","Politeknik Kesehatan Kemenkes Jakarta II"
"2904","Politeknik Kesehatan Kemenkes Kendari"
"2905","Politeknik Negeri Lampung, Bandar Lampung"
"2906","Sekolah Tinggi Filsafat Teologi Fajar Timur"
"2907","Sekolah Tinggi Ilmu Farmasi Makassar"
"2908","Sekolah Tinggi Ilmu Farmasi Pelita Mas"
"2909","STIA Iskandar Thani"
"2910","STIA Kawula Indonesia"
"2911","STIBA Malang"
"2912","STIE 45 Mataram"
"2913","STIE AAS"
"2914","STIE Amsir Pare-pare"
"2915","STIE BPKP"
"2916","STIE Bukit Zaitun Sorong"
"2917","STIE Cipasung"
"2918","STIE Graha Karya Muara Bulian"
"2919","STIE IGI"
"2920","STIE Indonesia Jakarta"
"2921","STIE Kesatuan"
"2922","STIE Koperasi Malang"
"2923","STIE Muhammadiyah Asahan"
"2924","STIE Muhammadiyah Bandung"
"2925","STIE Muhammadiyah Pekalongan"
"2926","STIE Mulia Singkawang"
"2927","STIE Pariwisata Api"
"2928","STIE Penguji Sukabumi"
"2929","STIE Pioner Manado"
"2930","STIE Purna Graha"
"2931","STIE Ragam Tunas"
"2932","STIE Satu Nusa"
"2933","STIE Sutaatmadja"
"2934","STIE Urip Sumoharjo"
"2935","STIE Wiyatamandala"
"2936","STIE YPN"
"2937","STIH Damarica Palopo"
"2938","STIH Indonesia Jentera"
"2939","STIH Kuala Kapuas"
"2940","STIH Labuhan Batu"
"2941","Sekolah Tinggi Ilmu Komputer Yos Sudarso"
"2942","STIH Pengayoman"
"2943","STIH Soelthan M Tsjafioeddin"
"2944","STIH Sultan Adam"
"2945","STIH Sumpah Pemuda"
"2946","STIH Swadaya"
"2947","STIKES Aisyiyah Bandung"
"2948","Sekolah Tinggi Ilmu Komunikasi Indonesia Maju"
"2949","STIKES Citra Husada Mandiri"
"2950","STIKES Dian Husada"
"2951","STIKES Harapan Bangsa Purwokerto"
"2952","STIKES Langsa"
"2953","STIKES Maluku Husada"
"2954","STIKES Muhammadiyah Pringsewu Lampung"
"2955","STIKES St Fatimah"
"2956","STIKES Widya Nusantara"
"2957","STIKES Yogyakarta"
"2958","STIKIP Catur Sakti"
"2959","STIM LPI Makassar"
"2960","STIMIK Pro Visi"
"2961","Sekolah Tinggi Ilmu Manajemen dan Bisnis Gorontalo"
"2962","Sekolah Tinggi Ilmu Manajemen Saint Mary"
"2963","Sekolah Tinggi Ilmu Pemerintahan Abdi Negara"
"2964","Sekolah Tinggi Ilmu Pertanian Belitang"
"2965","Sekolah Tinggi Ilmu Pertanian Jember"
"2966","Sekolah Tinggi Ilmu Pertanian Petra Baliem Wamena"
"2967","Sekolah Tinggi Ilmu Sosial dan Politik Mbojo"
"2968","Sekolah Tinggi Ilmu Sosial Ilmu Politik Kebangsaan"
"2969","Sekolah Tinggi Ilmu Tarbiyah Al Hilal Sigli"
"2970","STMIK Indonesia Jakarta"
"2971","Sekolah Tinggi Teknik Dharma Iswara"
"2972","Sekolah Tinggi Teknologi Banten"
"2973","Sekolah Tinggi Teologi Basom"
"2974","STIA dan Manajemen Kepelabuhan Barunawati"
"2975","STIKES Bani Saleh, Bekasi"
"2976","STIKES Bina Generasi Polewali Mandar"
"2977","STIKES Bina Mandiri Gorontalo"
"2978","STIKES Buleleng"
"2979","STIKES Cut Nyak Dhien Langsa"
"2980","STIKES Eka Harap Palangka Raya"
"2981","STIKES Jayakarta"
"2982","STIKES Jenderal Achmad Yani Yogyakarta"
"2983","STIKES Santo Borromeus"
"2984","STIKES Tamalatea Makassar"
"2985","STIKES Widya Dharma Husada Tangerang"
"2986","STIMIK - STIKOM Bali"
"2987","STISIP Tasikmalaya"
"2988","STISIP Trimasda Cilegon"
"2989","STISIP Veteran Palopo"
"2990","STISIP Widuri"
"2991","STISIPOL Dharma Wacana"
"2992","STISIPOL Yaleka Maro"
"2993","STKIP Al-Amin Indramayu"
"2994","STKIP Arrahmaniyah"
"2995","STKIP Bina Bangsa Meulaboh"
"2996","STKIP Citra Bangsa Aceh Utara"
"2997","STKIP Dampal Selatan"
"2998","STKIP Gotong Royong malukutengah"
"2999","STKIP Jembrana"
"3000","STKIP Kebangkitan Nasional"
"3001","STKIP Nahdlatul Ulama Indramayu"
"3002","STKIP Nahdlatul Ulama Kabupaten Tegal"
"3003","STKIP Nasional"
"3004","STKIP PGRI Lubuk Linggau"
"3005","STKIP PGRI Sukabumi"
"3006","STKIP Qomaruddin Gresik"
"3007","STKIP Riama"
"3008","STKIP Yapti Jeneponto"
"3009","STKIP Yayasan Abdi Pendidikan"
"3010","STMIK Akakom"
"3011","STMIK Borneo Internasional"
"3012","STMIK Cahaya Surya"
"3013","STMIK Cilegon"
"3014","STMIK Insan Pembangunan"
"3015","STMIK Jenderal Achmad Yani"
"3016","STMIK Logika"
"3017","STMIK MBC Palembang"
"3018","STMIK Methodist Binjai"
"3019","STMIK Mitra Karya"
"3020","STMIK PPKIA Tarakanita Rahmawati Tarakan"
"3021","STMIK Rosma"
"3022","STMIK Time"
"3023","Universitas 17 Agustus 1945 Semarang"
"3024","Universitas Bosowa Makassar"
"3025","Universitas Gunung Leuser Aceh"
"3026","Universitas Halmahera"
"3027","Universitas Islam Al-Ihya Kuningan"
"3028","Universitas Islam Indonesia"
"3029","Universitas Islam Labuhan Batu"
"3030","Universitas Islam Sumatera Barat"
"3031","Universitas Matana"
"3032","Universitas Mohammad Natsir Bukittinggi"
"3033","Universitas Muhammadiyah Cirebon"
"3034","Universitas Muhammadiyah Mataram"
"3035","Universitas Nasional Jakarta"
"3036","Universitas Pahlawan Tuanku Tambusai"
"3037","Universitas Pasir Pangaraian"
"3038","Universitas PGRI Ronggolawe"
"3039","Universitas Putera Batam"
"3040","Universitas Riau"
"3041","Universitas Sebelas Maret"
"3042","Universitas Surabaya"
"3043","Universitas Timbul Nusantara"
"3044","Akademi Akuntansi (AKTAN) Boekittinggi"
"3045","Akademi Akuntansi dan Komputer Stephen Jambi"
"3046","Akademi Akuntansi Denpasar"
"3047","Akademi Akuntansi Jayabaya"
"3048","Akademi Akuntansi Trinitas Sorong"
"3049","Akademi Audiologi Indonesia Jakarta"
"3050","Akademi Bahasa Asing Atmajaya Makassar"
"3051","Akademi Bahasa Asing Prawira Marta Jakarta"
"3052","Akademi Farmasi Imam Bonjol"
"3053","Akademi Farmasi ISFI Banjarmasin"
"3054","Akademi Farmasi Samarinda"
"3055","Akademi Farmasi Santo Fransiskus Xaverius"
"3056","Akademi Kebidanan Andi Makkasau"
"3057","Akademi Kebidanan Anugerah Bintan"
"3058","Akademi Kebidanan Brawijaya Husada"
"3059","Akademi Kebidanan Buton Raya"
"3060","Akademi Kebidanan Duta Dharma Pati"
"3061","Akademi Kebidanan Harapan Mama Deli Serdang"
"3062","Akademi Kebidanan Ika Bina Labuhan Batu"
"3063","Akademi Kebidanan Indah"
"3064","Akademi Kebidanan Isma Husada Cirebon"
"3065","Akademi Kebidanan Kamanre Palopo"
"3066","Akademi Kebidanan Karsa Mulia"
"3067","Akademi Kebidanan Karya Bunda Husada"
"3068","Akademi Kebidanan Kudus"
"3069","Akademi Kebidanan Mardi Rahayu"
"3070","Akademi Kebidanan Muhammadiyah Makassar"
"3071","Akademi Kebidanan Permata Delima"
"3072","Akademi Kebidanan Persada Palembang"
"3073","Akademi Kebidanan Perwira Husada Purwokerto"
"3074","Akademi Kebidanan Puteri Andalas"
"3075","Akademi Kebidanan RSPAD Gatot Soebroto"
"3076","Akademi Kebidanan Salma"
"3077","Akademi Kebidanan Salsabila"
"3078","Akademi Kebidanan Sandi Karsa"
"3079","Akademi Kebidanan Sehati"
"3080","Akademi Kebidanan Singkawang"
"3081","Akademi Kebidanan St Benedicta Pontianak"
"3082","Akademi Kebidanan Trinita Manado"
"3083","Akademi Kebidanan Wira Buana"
"3084","Akademi Kebidanan Wira Husada Nusantara"
"3085","Akademi Kebidanan Yappi Sragen"
"3086","Akademi Keperawatan As-Syafi iyah"
"3087","Akademi Keperawatan Bidara Mukti"
"3088","Akademi Keperawatan Dharma Insan"
"3089","Akademi Keperawatan Gita Matura Abadi Kisaran"
"3090","Akademi Keperawatan Husada Karya Jaya"
"3091","Akademi Keperawatan Kesdam I/Bukit Barisan Padang"
"3092","Akademi Keperawatan Krida Husada"
"3093","Akademi Keperawatan Panti Waluya"
"3094","Akademi Keperawatan RSPAD Gatot Subroto"
"3095","Akademi Keperawatan RSU FK-UKI"
"3096","Akademi Keperawatan Widya Husada"
"3097","Akademi Keperawatan William Booth Surabaya"
"3098","Akademi Kesehatan Lingkungan Muhammadiyah Makassar"
"3099","Akademi Kesehatan Rajekwesi Bojonegoro"
"3100","Akademi Kesenian Melayu Riau"
"3101","Akademi Keuangan Perbankan Nusantara"
"3102","Akademi Komunikasi SAE Indonesia"
"3103","AMIK Kendari"
"3104","AMIK Luwuk Banggai"
"3105","Akademi Pariwisata Krisanti Widya Mandiri"
"3106","Akademi Pariwisata Medan Hotel School"
"3107","Akademi Pariwisata Widya Nusantara Surakarta"
"3108","Akademi Perikanan Baruna"
"3109","Akademi Sekretari Manajemen Taruna Bakti"
"3110","Akademi Teknik Mesin Industri Cikarang"
"3111","Akademi Teknik Soroako"
"3112","AMIK Mahaputra Riau"
"3113","AMIK Mikenium Kolaka"
"3114","AMIK Milan Kendari"
"3115","AMIK Rizky Makassar"
"3116","AMIK Veteran Purwokerto"
"3117","IKIP Gunung SiToli-toli"
"3118","Politeknik Aceh"
"3119","Politeknik Kesehatan Kemenkes Surakarta"
"3120","Politeknik Kesehatan Kementerian Kesehatan Kupang"
"3121","Politeknik Mekatronika Sanata Dharma"
"3122","Politeknik Raflesia"
"3123","Sekolah Tinggi Farmasi Indonesia"
"3124","Sekolah Tinggi Farmasi Muhammadiyah Cirebon"
"3125","Sekolah Tinggi Ilmu Al‐Qur`an ISY Karima"
"3126","STIA Karya Dharma"
"3127","STIA Said Perintah"
"3128","STIA Sebelas April"
"3129","STIBA ITMI Medan"
"3130","STIE Fatahillah"
"3131","STIE IBEK Pangkalpinang Bangka"
"3132","STIE Indonesia Makassar"
"3133","STIE Indonesia Pontianak"
"3134","STIE ITMI Medan"
"3135","STIE K.H. Ahmad Dahlan Lamongan"
"3136","STIE Makassar Bongaya"
"3137","STIE Oemathonis"
"3138","STIE Pertiba"
"3139","STIE Sabang"
"3140","STIE Sailendra"
"3141","STIE Stan Im"
"3142","STIE Widya Dharma"
"3143","Sekolah Tinggi Ilmu Komunikasi"
"3144","STIKES Aisyiyah Surakarta"
"3145","STIKES An Nasher Cirebon"
"3146","STIKES Arrahma Mandiri Indonesia"
"3147","STIKES Banten"
"3148","STIKES Budhi Luhur Cimahi"
"3149","STIKES Hafshawaty Zainul Hasan Genggong"
"3150","STIKES Kharisma Persada"
"3151","STIKES Mahardika Cirebon"
"3152","STIKES Nusantara Oebobo"
"3153","STIKES Sismadi"
"3154","Sekolah Tinggi Ilmu Komunikasi Profesi Indonesia"
"3155","Sekolah Tinggi Ilmu Majanemen Nitro Makassar"
"3156","Sekolah Tinggi Ilmu Manajemen"
"3157","Sekolah Tinggi Ilmu Manajemen Kupang"
"3158","STKIP PGRI Manado"
"3159","Sekolah Tinggi Teknologi Cahaya Surya"
"3160","Sekolah Tinggi Teknologi Migas"
"3161","Sekolah Tinggi Teknologi Nusantara"
"3162","Sekolah Tinggi Teknologi Nusantara Indonesia"
"3163","Sekolah Tinggi Teologi Bethel Indonesia"
"3164","Sekolah Tinggi Teologi Happy Family Surabaya"
"3165","STIE Binaniaga"
"3166","STIA Pelita Nusantara"
"3167","STIBA Invada"
"3168","STIE Pelita Bangsa Binjai"
"3169","STIE Rahmaniyah"
"3170","STIE Selamat Sri Kendal"
"3171","STIKES Aufa Royhan"
"3172","STIKES Borneo Cendekia Medika"
"3173","STIKES Borneo Lestari"
"3174","STIKES Husada Mandiri Poso"
"3175","STIKES Qamarul Huda"
"3176","STIKES Siti Khadijah"
"3177","STIKES Sukabumi"
"3178","STIKES Surya Global"
"3179","STIKES Syuhada di Padangsidimpuan"
"3180","STIKES Tana Toraja"
"3181","STIKES Tengku Maharatu"
"3182","STIMIK Kupang"
"3183","STISIP Guna Nusantara"
"3184","STKIP Adzkia"
"3185","STKIP Al Amin Dompu"
"3186","STKIP Banten"
"3187","STKIP Biak"
"3188","STKIP Bina Mutiara"
"3189","STKIP Budi Daya"
"3190","STKIP Bumi Persada Lhokseumawe"
"3191","STKIP Islam Sabilal Muhtadin Banjarmasin"
"3192","STKIP Kristen Wamena"
"3193","STKIP Kumala Lampung"
"3194","STKIP Kusumanegara"
"3195","STKIP Purwakarta"
"3196","STKIP Rosalia Lampung"
"3197","STKIP Singkawang"
"3198","STMIK Abulyatama"
"3199","STMIK Bandung"
"3200","STMIK Denpasar"
"3201","STMIK Dharma Negara Bandung"
"3202","STMIK Dharma Putra"
"3203","STMIK El Rahma"
"3204","STMIK Kuwera"
"3205","STMIK Lombok"
"3206","STMIK Mercusuar"
"3207","STMIK Multicom Bolaan Mongondow"
"3208","STMIK Pamitran"
"3209","STMIK Tulus Cendekia"
"3210","Universitas 17 Agustus 1945 Surabaya"
"3211","Universitas Billfath"
"3212","Universitas Ibrahimy Sukorejo Situbondo"
"3213","Universitas Ichsan Gorontalo"
"3214","Universitas Islam Batik"
"3215","Universitas Jambi"
"3216","Universitas Katolik Soegijapranata"
"3217","Universitas Kristen Maranatha"
"3218","Universitas Muhammadiyah Palangkaraya"
"3219","Universitas Muria Kudus"
"3220","Universitas Pasundan"
"3221","Universitas Pramita Indonesia"
"3222","Universitas Sutomo"
"3223","Akademi Bahasa Asing IEC Putra Bangsa tegal"
"3224","Akademi Bahasa Asing Prawira Martha Sukoharjo"
"3225","Akademi Farmasi 17 Agustus 1945 Semarang"
"3226","Akademi Farmasi Kebangsaan Makassar"
"3227","Akademi Farmasi Mahadhika"
"3228","Akademi Farmasi Saraswati Denpasar"
"3229","Akademi Ilmu Komputer Ternate"
"3230","Akademi Kebidanan Bali Wisnu Dharma Denpasar"
"3231","Akademi Kebidanan Berlian Nusantara"
"3232","Akademi Kebidanan Betang Asi Raya"
"3233","Akademi Kebidanan Bhakti Mitra Husada"
"3234","Akademi Kebidanan Budi Mulia Palembang"
"3235","Akademi Kebidanan Cipto Medan"
"3236","Akademi Kebidanan Nadira"
"3237","Akademi Kebidanan Nusantara Jaya"
"3238","Akademi Kebidanan Pelita Ilmu Depok"
"3239","Akademi Kebidanan Prima Indonesia"
"3240","Akademi Kebidanan Sifra Husada"
"3241","Akademi Kebidanan Sungailiat Bangka"
"3242","Akademi Kebidanan Tahirah Al‐Baeti Bulukumba"
"3243","Akademi Kebidanan YPBHK Brebes"
"3244","Akademi Keperawatan Mappa Oudang Makassar"
"3245","Akademi Keperawatan Pemerintah Kabupaten Kota Waringin Timur"
"3246","Akademi Kepolisian"
"3247","Akademi Manajemen Administrasi Dharmala"
"3248","AMIK Jakarta Teknologi Cipta"
"3249","Akademi Maritim Indonesia Aipi"
"3250","Akademi Maritim Indonesia Veteran Makassar"
"3251","Akademi Olahraga Prestasi Nasional"
"3252","Akademi Pariwisata Bandung"
"3253","Akademi Pariwisata Satu Nusa"
"3254","Akademi Sekretari dan Manajemen Dharma Budhi Bhakti"
"3255","Akademi Sekretari dan Manajemen Persada Bunda"
"3256","Akademi Seni Rupa dan Desain MSD"
"3257","Akademi Teknologi Bogor"
"3258","AMIK Bukittinggi"
"3259","AMIK Ibnu Khaldum Palopo"
"3260","AMIK Yapenas Kendari"
"3261","Politeknik Gajah Tunggal"
"3262","Politeknik Harapan Bersama"
"3263","Politeknik Kesehatan BHakti Mulia"
"3264","Politeknik Kesehatan Kemenkes Malang"
"3265","Politeknik Negeri Banjarmasin"
"3266","Politeknik Tonggak Equator"
"3267","Politeknik Widya Dharma Bali"
"3268","Sekolah Tinggi Agama Islam Al‐Azhary Cianjur"
"3269","Sekolah Tinggi Farmasi Mahaganesha"
"3270","Sekolah Tinggi Filsafat Seminari Pineleng"
"3271","STIE Kalpataru"
"3272","STIE Ekadharma Indonesia"
"3273","STIE Enam‐Enam Kendari"
"3274","STIE Kuala Kapuas"
"3275","STIE Mikroskill"
"3276","STIE Pelita Buana"
"3277","STIE Perbanas Surabaya"
"3278","STIE Pertiwi"
"3279","STIE Satya Dharma"
"3280","STIE Tamansiswa"
"3281","STIE kutaikartanegara"
"3282","STIE YPPI"
"3283","STIH Persada Bunda Pekanbaru"
"3284","STIH Zainul Hasan"
"3285","STIKES Advaita Medika Tabanan"
"3286","STIKES Awal Bros Batam"
"3287","STIKES Garut"
"3288","Sekolah Tinggi Ilmu Manajemen Publik Makassar"
"3289","Sekolah Tinggi Ilmu Pertanian Labuhan Batu"
"3290","Sekolah Tinggi Ilmu Sosial dan Ilmu Politik Muhammadiyah Rappang"
"3291","Sekolah Tinggi Teknik PLN"
"3292","Sekolah Tinggi Teknik Qomaruddin"
"3293","Sekolah Tinggi Teknologi Pagar Alam"
"3294","Sekolah Tinggi Teknologi Wastukancana"
"3295","STIE Paripurna"
"3296","STIH Lubuk Sikaping"
"3297","STIKES Ganesha Husada Kediri"
"3298","STIKES Hang Tuah Tanjung Pinang"
"3299","STIKES Ibnu Sina Ajibarang"
"3300","STIKES Kurnia Jaya Persada"
"3301","STIKES Merangin"
"3302","STIKES YPIB"
"3303","STISIP Widyapuri Mandiri"
"3304","STKIP Pangeran Dharma Kusuma Segeran Juntinyuat Indramayu"
"3305","STKIP Rokania"
"3306","STKIP Surya"
"3307","STKIP Weetebula"
"3308","STKIP YDB Lubuk Alung"
"3309","STMIK Bina Adinata"
"3310","STMIK Jabar"
"3311","STT Minyak dan Gas Cilacap"
"3312","Universitas Andalas"
"3313","Universitas Bandar Lampung"
"3314","Universitas Bhayangkara Jakarta Raya"
"3315","Universitas Cokroaminoto Makassar"
"3316","Universitas HKBP Nommensen"
"3317","Universitas Langlang Buana"
"3318","Universitas Nahdlatul Ulama Al Ghazali Cilacap"
"3319","Universitas Nahdlatul Ulama Nusa Tenggara Barat"
"3320","Universitas Pancasakti"
"3321","Universitas Pancasakti Makassar"
"3322","Universitas Pancasila"
"3323","Universitas Slamet Riyadi"
"3324","Akademi Kebidanan Abdi Husada"
"3325","Akademi Kebidanan Bakti Inang Persada"
"3326","Akademi Pariwisata 45 Jayapura"
"3327","AMIK BSI Tangerang"
"3328","Politeknik Kelautan dan Perikanan Sorong"
"3329","Politeknik Sains dan Teknologi Wiratama Maluku Utara"
"3330","STIA Pancamarga Palu"
"3331","STIA Sandikta"
"3332","STIE Adi Unggul Bhirawa"
"3333","STIE Al Khairiyah"
"3334","STIE Al‐Washliyah"
"3335","STIE Musi Rawas"
"3336","STIE Trianandra"
"3337","STIKES Akbidyo"
"3338","Sekolah Tinggi Ilmu Komunikasi Manado"
"3339","Sekolah Tinggi Ilmu Tarbiyah Muhammadiyah Aceh Barat Daya"
"3340","Sekolah Tinggi Ilmu Tarbiyah Muhammadiyah Bangil"
"3341","STMIK Bani Saleh"
"3342","Sekolah Tinggi Teknik Ibnu Sina"
"3343","Sekolah Tinggi Teknik Musi"
"3344","STIA Indragiri"
"3345","STIKES Muhammadiyah Samarinda"
"3346","STIKES Senior Medan"
"3347","STKIP Nusa Timor"
"3348","STKIP PANCAKARYA"
"3349","STKIP Paracendekia N W Sumbawa"
"3350","STKIP Pelita Bangsa"
"3351","Universitas Al Ghifari"
"3352","Universitas Garut"
"3353","Universitas Hein Namotemo"
"3354","Universitas Islam Negeri Sunan Kalijaga Yogyakarta"
"3355","Universitas Jayabaya"
"3356","Universitas Ratu Samban"
"3357","Akademi Analis Farmasi dan Makanan Sunan Giri"
"3358","Akademi Fisioterapi Rumah Sakit Dustira"
"3359","Akademi Fisioterapi ST Lukas Tomohon"
"3360","Akademi Fisioterapi Universitas Kristen Indonesia"
"3361","Akademi Kebidanan Aifa Husada"
"3362","Akademi Kebidanan Cianjur"
"3363","Akademi Kebidanan Delima Persada Gresik"
"3364","Akademi Kebidanan Dewi Sartika Bandung"
"3365","Akademi Kebidanan Graha Husada Cirebon"
"3366","Akademi Kebidanan Helvetia Medan"
"3367","Akademi Kebidanan Menara Bunda"
"3368","Akademi Kebidanan Menara Primadani"
"3369","Akademi Kebidanan Minasa Upa"
"3370","Akademi Kebidanan Mitra Husada Padang"
"3371","Akademi Kebidanan Mitra Persahabatan"
"3372","Akademi Kebidanan Mutiara Mahakam"
"3373","Akademi Kebidanan Nusantara 2000 Medan"
"3374","Akademi Kebidanan Nusantara Palembang"
"3375","Akademi Kebidanan Paluta Husada"
"3376","Akademi Kebidanan Putri Bangsa Pariaman"
"3377","Akademi Kebidanan Saleha"
"3378","Akademi Kebidanan Sehat Medan"
"3379","Akademi Keperawatan Abdi Florensia"
"3380","Akademi Keperawatan Antariksa"
"3381","Akademi Keperawatan Karya Bhakti Nusantara"
"3382","Akademi Keperawatan Kesdam I/Bukit Barisan Medan"
"3383","Akademi Keperawatan Malahayati Bandar Lampung"
"3384","Akademi Keperawatan Malahayati Medan"
"3385","Akademi Keperawatan Pandan Harum Banjarmasin"
"3386","Akademi Keperawatan Yarsi Samarinda"
"3387","Akademi Keperawatan YPTK Solok"
"3388","Akademi Ketatalaksanaan Pelayaran Niaga Bahtera"
"3389","Akademi Komunitas Balekambang"
"3390","AMIK Ibrahimy"
"3391","Akademi Maritim Nusantara Banjarmasin"
"3392","Akademi Pariwisata BSI Bandung"
"3393","Akademi Perpajakan Maria Mediatrix"
"3394","Akademi Radiognostik dan Radioterapi Yapenpernus"
"3395","Akademi Teknik Adikarya"
"3396","Akademi Teknik Biak"
"3397","Akademi Teknik Radiodiagnostik dan Radioterapi (ATRO) Banda Aceh"
"3398","Akademi Telekomunikasi Bogor"
"3399","AMIK Bina Sriwijaya"
"3400","AMIK Panca Bhakti"
"3401","AMIK Parbina Nusantara"
"3402","Politeknik Kesehatan Bhakti Setya Indonesia"
"3403","Politeknik Muhammadiyah Tegal"
"3404","STIA Pembangunan Jember"
"3405","STIBA Bumi Gora Mataram"
"3406","STIE Kebangsaan Bireuen"
"3407","STIE Muhammadiyah Paciran Lamongan"
"3408","STIE Swadaya"
"3409","STIH Muhammadiyah Kalianda"
"3410","STIKES Abdi Nusantara"
"3411","STIKES AL-Islam Yogyakarta"
"3412","Sekolah Tinggi Ilmu Komunikasi dan Sekretari Tarakanita"
"3413","STIKES Kesetiawanan Sosial Indonesia Jakarta"
"3414","STIKES Muhammadiyah Lamongan"
"3415","Sekolah Tinggi Ilmu Maritim Mutiara Jaya Lampung"
"3416","Sekolah Tinggi Ilmu Pertanian Amuntai"
"3417","Sekolah Tinggi Ilmu Pertanian Graha Karya"
"3418","Sekolah Tinggi Ilmu Tarbiyah Al‐Amin Indramayu"
"3419","Sekolah Tinggi Ilmu Tarbiyah Al‐Azhar Diniyah"
"3420","Sekolah Tinggi Teknologi Bengkulu"
"3421","Sekolah Tinggi Teknologi Cirebon"
"3422","STIE Fajar"
"3423","STIKES Elisabeth Semarang"
"3424","STIKES Graha Medika Kotabagu"
"3425","STIKES Harapan Bangsa"
"3426","STIKES Jayapura"
"3427","STIKES Nauli Husada"
"3428","STIKES Ngudia Husada Madura"
"3429","STIKES Nurliana Medan"
"3430","STIKES Persada Husada Indonesia"
"3431","STIKES RS Haji Medan"
"3432","STIKES Siti Hajar"
"3433","STKIP Al-Washliyah"
"3434","STKIP Meranti"
"3435","STKIP Muhammadiyah Aceh Barat Daya"
"3436","STKIP Muhammadiyah Kotabumi"
"3437","STKIP Muhammadiyah Muara Bungo"
"3438","STKIP Muhammadiyah Sampit"
"3439","STKIP Muhammadiyah Sungai Penuh"
"3440","STKIP PGRI Metro"
"3441","STKIP PGRI Madiun"
"3442","STMIK Bumi Gora"
"3443","STMIK Dharma Wacana"
"3444","STMIK Muhammadiyah Banten"
"3445","Universitas Bhayangkara"
"3446","Universitas Islam Malang"
"3447","Universitas Tarumanegara"
"3448","Akademi Akuntansi YAI Jakarta"
"3449","Akademi Bahasa Asing Permata Hati Tarakan"
"3450","Akademi Kebidanan Yogyakarta"
"3451","Akademi Keperawatan Samawa"
"3452","Akademi Kuliner Monas Pasifik"
"3453","Akademi Pariwisata Dharma Nusantara Sakti"
"3454","Akademi Refraksi Optisi dan Optometry Gapopin"
"3455","Akademi Sekretari Manajemen Indonesia Lpi Makassar"
"3456","Akademi Teknik Pembangunan Nasional"
"3457","Institut Agama Islam Al Muslim Bireuen"
"3458","Institut Teknologi Indonesia"
"3459","Politeknik Cahaya Surya"
"3460","Politeknik Seni Yogyakarta"
"3461","STIA Lembaga Administrasi Negara"
"3462","STIH Kebangsaan Bireuen"
"3463","STIE El Hakim"
"3464","STIE Lhokseumawe"
"3465","STIE Persada Bunda"
"3466","STIE Saumlaki"
"3467","STIH Pertiba Pangkalpinang"
"3468","STIKES Sebelas April Sumedang"
"3469","Sekolah Tinggi Ilmu Pertanian Berau"
"3470","Sekolah Tinggi Ilmu Sosial dan Politik Waskita Dharma Malang"
"3471","STKIP Muhammadiyah Kalabahi"
"3472","STKIP Subang"
"3473","STIA Darul Rahman Tual"
"3474","STIE Perdagangan"
"3475","STIE Syariah Bengkalis"
"3476","STIE Yapti Jeneponto"
"3477","STISIP Swadaya"
"3478","STITEK Dharma Yadi Makassar"
"3479","STKIP Aisyiyah Riau"
"3480","STKIP An-nur Nangro Aceh"
"3481","STKIP Cokroaminoto Pinrang"
"3482","STKIP Ita Wotu Nusa"
"3483","STKIP Kie Raha"
"3484","STKIP Panca Sakti Bekasi"
"3485","STKIP Pelita Nusantara Buton"
"3486","STMIK Prabumulih"
"3487","Universitas Muhammadiyah Bandung"
"3488","Universitas Pelita Harapan Medan"
"3489","Universitas Teknokrat Indonesia"
"3490","Akademi Komunitas Negeri Aceh Barat"
"3491","Akademi Komunitas Negeri Pacitan"
"3492","Akademi Komunitas Negeri Putra Sang Fajar Blitar"
"3494","Institut Seni Budaya Indonesia Aceh"
"3495","Institut Seni Budaya Indonesia Bandung"
"3496","Institut Seni Budaya Indonesia Tanah Papua"
"3497","Institut Teknologi Bacharuddin Jusuf Habibie"
"3498","Institut Teknologi Bandung"
"3499","Institut Teknologi Kalimantan"
"3501","Institut Teknologi Sumatera"
"3502","Politeknik Manufaktur Bandung"
"3503","Politeknik Manufaktur Negeri Bangka Belitung"
"3504","Politeknik Maritim Negeri Indonesia"
"3505","Politeknik Negeri Bali"
"3506","Politeknik Negeri Banyuwangi"
"3507","Politeknik Negeri Batam"
"3508","Politeknik Negeri Cilacap"
"3509","Politeknik Negeri Fakfak"
"3510","Politeknik Negeri Indramayu"
"3511","Politeknik Negeri Ketapang"
"3512","Politeknik Negeri Kupang"
"3513","Politeknik Negeri Madiun"
"3514","Politeknik Negeri Madura"
"3515","Politeknik Negeri Media Kreatif"
"3516","Politeknik Negeri Nusa Utara"
"3517","Politeknik Negeri Sambas"
"3518","Politeknik Negeri Subang"
"3519","Politeknik Perikanan Negeri Tual"
"3520","Politeknik Pertanian Negeri Payakumbuh"
"3521","Universitas Maritim Raja Ali Haji (UMRAH)"
"3522","Universitas Papua"
"3523","Universitas Samudra"
"3524","Universitas Sembilanbelas November Kolaka"
"3525","Universitas Singaperbangsa Karawang"
"3526","Universitas Sulawesi Barat"
"3527","Universitas Teuku Umar"
"3528","Universitas Tidar"
"3529","Universitas Timor"
